mold_id,mold_name,product_type,material,designed_life,current_shots,usage_ratio,current_defect_rate,recent_defect_avg,defect_slope,maintenance_count,maintenance_quality,material_factor,load_factor,spc_anomaly_rate,remaining_life,failure_shots
4,EWP 상부 하우징 금형,default,H13,500000,356422,0.713,1.04,0.711,0.2176,7,0.88,1.0,1.0,10.5,0,348500
4,EWP 상부 하우징 금형,default,H13,500000,146975,0.294,0.107,0.115,-0.0046,1,1.22,1.0,1.0,4.3,340025,487000
4,EWP 상부 하우징 금형,default,H13,500000,160577,0.321,0.115,0.105,-0.0027,0,0.75,1.0,1.0,9.8,139423,300000
4,EWP 상부 하우징 금형,default,H13,500000,348473,0.697,1.292,0.945,0.1517,5,0.81,1.0,1.0,8.2,0,321000
4,EWP 상부 하우징 금형,default,H13,500000,464598,0.929,1.372,1.004,0.1549,10,1.06,1.0,1.0,9.7,0,423500
4,EWP 상부 하우징 금형,default,H13,500000,462337,0.925,1.755,1.279,0.2175,11,0.98,1.0,1.0,8.9,0,386500
4,EWP 상부 하우징 금형,default,H13,500000,194014,0.388,0.068,0.118,-0.0272,2,1.22,1.0,1.0,7.7,292486,486500
4,EWP 상부 하우징 금형,default,H13,500000,171159,0.342,0.05,0.089,-0.0037,4,0.78,1.0,1.0,6.4,142341,313500
4,EWP 상부 하우징 금형,default,H13,500000,471553,0.943,5.784,3.686,0.9146,9,0.75,1.0,1.0,22.2,0,298500
4,EWP 상부 하우징 금형,default,H13,500000,455449,0.911,0.701,0.329,0.1609,10,1.3,1.0,1.0,4.5,60551,516000
4,EWP 상부 하우징 금형,default,H13,500000,270409,0.541,0.642,0.196,0.1067,6,0.81,1.0,1.0,8.9,53091,323500
4,EWP 상부 하우징 금형,default,H13,500000,256657,0.513,0.096,0.082,0.0039,6,1.28,1.0,1.0,3.0,251843,508500
4,EWP 상부 하우징 금형,default,H13,500000,280245,0.56,0.709,0.339,0.1709,2,0.78,1.0,1.0,4.4,32255,312500
4,EWP 상부 하우징 금형,default,H13,500000,286218,0.572,0.782,0.343,0.204,4,0.8,1.0,1.0,6.9,30782,317000
4,EWP 상부 하우징 금형,default,H13,500000,439338,0.879,0.771,0.335,0.1938,9,1.22,1.0,1.0,10.3,46662,486000
4,EWP 상부 하우징 금형,default,H13,500000,461395,0.923,1.897,1.316,0.256,8,0.95,1.0,1.0,9.9,0,378000
4,EWP 상부 하우징 금형,default,H13,500000,178010,0.356,0.115,0.103,0.0173,4,0.85,1.0,1.0,4.0,158490,336500
4,EWP 상부 하우징 금형,default,H13,500000,315059,0.63,0.774,0.474,0.2024,7,0.84,1.0,1.0,9.7,19441,334500
4,EWP 상부 하우징 금형,default,H13,500000,519027,1.038,5.44,3.482,0.8549,9,0.84,1.0,1.0,22.5,0,331500
4,EWP 상부 하우징 금형,default,H13,500000,88853,0.178,0.154,0.159,-0.0088,0,0.84,1.0,1.0,8.4,245647,334500
5,EWP 하부 하우징 금형,default,H13,500000,388217,0.776,0.697,0.212,0.1139,7,1.14,1.0,1.0,5.0,62783,451000
5,EWP 하부 하우징 금형,default,H13,500000,430211,0.86,0.747,0.345,0.1847,9,1.21,1.0,1.0,7.6,49789,480000
5,EWP 하부 하우징 금형,default,H13,500000,457352,0.915,1.446,1.054,0.1658,7,1.01,1.0,1.0,7.1,0,404000
5,EWP 하부 하우징 금형,default,H13,500000,36769,0.074,0.282,0.357,-0.0388,2,0.9,1.0,1.0,5.1,321231,358000
5,EWP 하부 하우징 금형,default,H13,500000,302180,0.604,0.935,0.527,0.225,4,0.8,1.0,1.0,4.3,15820,318000
5,EWP 하부 하우징 금형,default,H13,500000,360874,0.722,0.167,0.124,0.0166,10,1.14,1.0,1.0,5.3,95126,456000
5,EWP 하부 하우징 금형,default,H13,500000,339355,0.679,1.47,1.069,0.1752,4,0.75,1.0,1.0,8.6,0,299500
5,EWP 하부 하우징 금형,default,H13,500000,405720,0.811,0.845,0.501,0.2056,6,1.07,1.0,1.0,13.2,20280,426000
5,EWP 하부 하우징 금형,default,H13,500000,246836,0.494,0.123,0.101,0.0062,3,1.0,1.0,1.0,0.6,153164,400000
5,EWP 하부 하우징 금형,default,H13,500000,408359,0.817,0.113,0.078,0.0127,9,1.3,1.0,1.0,6.0,108141,516500
5,EWP 하부 하우징 금형,default,H13,500000,63320,0.127,0.259,0.275,0.0004,3,1.07,1.0,1.0,4.6,363680,427000
5,EWP 하부 하우징 금형,default,H13,500000,335188,0.67,1.761,1.272,0.2018,4,0.7,1.0,1.0,10.5,0,280000
5,EWP 하부 하우징 금형,default,H13,500000,76144,0.152,0.197,0.254,-0.0385,2,1.3,1.0,1.0,9.4,439856,516000
5,EWP 하부 하우징 금형,default,H13,500000,53498,0.107,0.107,0.216,-0.0282,2,0.71,1.0,1.0,3.1,231502,285000
5,EWP 하부 하우징 금형,default,H13,500000,124254,0.249,0.124,0.123,-0.0116,1,0.98,1.0,1.0,3.1,267246,391500
5,EWP 하부 하우징 금형,default,H13,500000,218311,0.437,0.075,0.117,0.001,5,1.06,1.0,1.0,3.2,204689,423000
5,EWP 하부 하우징 금형,default,H13,500000,470430,0.941,1.433,1.065,0.1759,9,1.04,1.0,1.0,10.6,0,412000
5,EWP 하부 하우징 금형,default,H13,500000,98214,0.196,0.122,0.102,0.0106,2,0.71,1.0,1.0,7.3,183786,282000
5,EWP 하부 하우징 금형,default,H13,500000,454573,0.909,0.808,0.494,0.1861,12,1.21,1.0,1.0,9.9,25427,480000
5,EWP 하부 하우징 금형,default,H13,500000,366437,0.733,1.473,1.064,0.176,7,0.81,1.0,1.0,9.9,0,323500
6,EWP 임펠러 금형,default,NAK80,300000,310433,1.035,1.067,0.674,0.2311,9,1.15,1.1,1.0,8.1,0,303000
6,EWP 임펠러 금형,default,NAK80,300000,110578,0.369,0.044,0.105,-0.0113,3,1.01,1.1,1.0,1.6,156922,267500
6,EWP 임펠러 금형,default,NAK80,300000,85166,0.284,0.043,0.119,-0.0205,3,0.97,1.1,1.0,10.1,169834,255000
6,EWP 임펠러 금형,default,NAK80,300000,289350,0.965,1.036,0.688,0.1986,9,1.09,1.1,1.0,7.6,0,285500
6,EWP 임펠러 금형,default,NAK80,300000,233695,0.779,0.063,0.08,-0.008,7,1.15,1.1,1.0,6.3,69805,303500
6,EWP 임펠러 금형,default,NAK80,300000,241043,0.803,1.706,1.199,0.2199,6,0.79,1.1,1.0,9.6,0,206000
6,EWP 임펠러 금형,default,NAK80,300000,155658,0.519,0.151,0.14,0.0118,4,1.14,1.1,1.0,3.8,142842,298500
6,EWP 임펠러 금형,default,NAK80,300000,188954,0.63,0.087,0.091,0.0014,6,1.19,1.1,1.0,7.0,123046,312000
6,EWP 임펠러 금형,default,NAK80,300000,136334,0.454,0.142,0.122,-0.0025,1,0.7,1.1,1.0,6.2,48666,185000
6,EWP 임펠러 금형,default,NAK80,300000,15636,0.052,0.537,0.543,-0.0036,1,1.01,1.1,1.0,9.3,248864,264500
6,EWP 임펠러 금형,default,NAK80,300000,261151,0.871,1.682,1.23,0.2218,5,0.84,1.1,1.0,10.9,0,220500
6,EWP 임펠러 금형,default,NAK80,300000,140326,0.468,0.094,0.087,-0.0196,4,1.28,1.1,1.0,4.8,194674,335000
6,EWP 임펠러 금형,default,NAK80,300000,167328,0.558,0.099,0.111,-0.0083,3,0.79,1.1,1.0,6.7,40672,208000
6,EWP 임펠러 금형,default,NAK80,300000,79000,0.263,0.15,0.126,-0.0191,0,1.06,1.1,1.0,3.4,200500,279500
6,EWP 임펠러 금형,default,NAK80,300000,170140,0.567,0.067,0.108,-0.0085,6,1.1,1.1,1.0,7.4,118360,288500
6,EWP 임펠러 금형,default,NAK80,300000,291929,0.973,5.022,3.231,0.7758,5,0.72,1.1,1.0,18.0,0,191500
6,EWP 임펠러 금형,default,NAK80,300000,122190,0.407,0.125,0.105,0.004,4,0.84,1.1,1.0,8.6,98810,221000
6,EWP 임펠러 금형,default,NAK80,300000,75322,0.251,0.174,0.191,-0.0079,1,1.21,1.1,1.0,6.7,244178,319500
6,EWP 임펠러 금형,default,NAK80,300000,114009,0.38,0.148,0.113,0.0126,4,1.19,1.1,1.0,6.4,198991,313000
6,EWP 임펠러 금형,default,NAK80,300000,297493,0.992,1.409,1.006,0.1723,12,1.02,1.1,1.0,8.7,0,270500
7,CCH 냉각플레이트 상형,default,SKD11,800000,684979,0.856,0.68,0.238,0.1051,12,1.28,1.0,1.0,9.5,132521,817500
7,CCH 냉각플레이트 상형,default,SKD11,800000,124179,0.155,0.12,0.193,-0.0328,0,1.05,1.0,1.0,5.4,540821,665000
7,CCH 냉각플레이트 상형,default,SKD11,800000,591088,0.739,1.295,0.975,0.1568,5,0.85,1.0,1.0,8.2,0,537500
7,CCH 냉각플레이트 상형,default,SKD11,800000,309666,0.387,0.114,0.099,0.0113,1,0.98,1.0,1.0,2.4,314834,624500
7,CCH 냉각플레이트 상형,default,SKD11,800000,508575,0.636,0.095,0.088,0.0024,4,1.01,1.0,1.0,5.7,131925,640500
7,CCH 냉각플레이트 상형,default,SKD11,800000,201566,0.252,0.121,0.144,-0.0181,1,0.92,1.0,1.0,2.9,381934,583500
7,CCH 냉각플레이트 상형,default,SKD11,800000,439715,0.55,0.741,0.327,0.173,2,0.77,1.0,1.0,9.2,49285,489000
7,CCH 냉각플레이트 상형,default,SKD11,800000,326273,0.408,0.171,0.133,0.0061,3,1.23,1.0,1.0,5.9,456227,782500
7,CCH 냉각플레이트 상형,default,SKD11,800000,775007,0.969,0.839,0.485,0.2203,13,1.29,1.0,1.0,10.7,40493,815500
7,CCH 냉각플레이트 상형,default,SKD11,800000,370439,0.463,0.058,0.092,-0.0021,3,0.91,1.0,1.0,7.8,206061,576500
7,CCH 냉각플레이트 상형,default,SKD11,800000,607211,0.759,1.447,1.034,0.1804,6,0.84,1.0,1.0,8.5,0,534000
7,CCH 냉각플레이트 상형,default,SKD11,800000,601406,0.752,0.852,0.501,0.2246,9,1.0,1.0,1.0,4.5,31094,632500
7,CCH 냉각플레이트 상형,default,SKD11,800000,534702,0.668,0.099,0.094,-0.008,6,1.08,1.0,1.0,4.2,153798,688500
7,CCH 냉각플레이트 상형,default,SKD11,800000,772278,0.965,1.54,1.122,0.1906,8,1.05,1.0,1.0,11.0,0,667500
7,CCH 냉각플레이트 상형,default,SKD11,800000,770508,0.963,0.996,0.657,0.2032,13,1.22,1.0,1.0,6.7,992,771500
7,CCH 냉각플레이트 상형,default,SKD11,800000,230444,0.288,0.176,0.112,0.0036,3,0.77,1.0,1.0,5.2,263056,493500
7,CCH 냉각플레이트 상형,default,SKD11,800000,457849,0.572,1.065,0.707,0.2159,4,0.71,1.0,1.0,7.6,0,452000
7,CCH 냉각플레이트 상형,default,SKD11,800000,370178,0.463,0.054,0.093,-0.0028,5,1.29,1.0,1.0,3.8,449322,819500
7,CCH 냉각플레이트 상형,default,SKD11,800000,597109,0.746,0.127,0.119,-0.0006,9,1.18,1.0,1.0,6.0,151391,748500
7,CCH 냉각플레이트 상형,default,SKD11,800000,472109,0.59,0.078,0.092,-0.0076,4,1.14,1.0,1.0,6.8,252391,724500
8,CCH 냉각플레이트 하형,default,SKD11,800000,681209,0.852,2.424,1.66,0.3321,6,0.83,1.0,1.0,12.6,0,526000
8,CCH 냉각플레이트 하형,default,SKD11,800000,313348,0.392,0.086,0.1,-0.002,3,0.71,1.0,1.0,6.3,139152,452500
8,CCH 냉각플레이트 하형,default,SKD11,800000,281127,0.351,0.103,0.104,0.0048,3,0.92,1.0,1.0,5.9,307873,589000
8,CCH 냉각플레이트 하형,default,SKD11,800000,566930,0.709,1.122,0.852,0.1199,8,0.86,1.0,1.0,9.6,0,546000
8,CCH 냉각플레이트 하형,default,SKD11,800000,714974,0.894,1.729,1.208,0.225,10,0.96,1.0,1.0,9.7,0,611500
8,CCH 냉각플레이트 하형,default,SKD11,800000,77740,0.097,0.271,0.25,0.0113,1,0.73,1.0,1.0,5.5,386760,464500
8,CCH 냉각플레이트 하형,default,SKD11,800000,712841,0.891,1.439,1.06,0.1794,9,0.99,1.0,1.0,9.1,0,630500
8,CCH 냉각플레이트 하형,default,SKD11,800000,44649,0.056,0.335,0.402,-0.0183,2,0.8,1.0,1.0,1.9,460851,505500
8,CCH 냉각플레이트 하형,default,SKD11,800000,530717,0.663,1.099,0.882,0.1175,3,0.8,1.0,1.0,10.2,0,509500
8,CCH 냉각플레이트 하형,default,SKD11,800000,71527,0.089,0.244,0.288,-0.0179,0,0.92,1.0,1.0,6.0,508473,580000
8,CCH 냉각플레이트 하형,default,SKD11,800000,553940,0.692,0.12,0.117,0.0124,8,1.13,1.0,1.0,6.1,168560,722500
8,CCH 냉각플레이트 하형,default,SKD11,800000,824216,1.03,1.927,1.347,0.257,8,1.06,1.0,1.0,10.3,0,679000
8,CCH 냉각플레이트 하형,default,SKD11,800000,219311,0.274,0.219,0.144,0.0196,4,1.17,1.0,1.0,3.9,528689,748000
8,CCH 냉각플레이트 하형,default,SKD11,800000,738636,0.923,0.749,0.424,0.197,9,1.26,1.0,1.0,7.6,60864,799500
8,CCH 냉각플레이트 하형,default,SKD11,800000,50686,0.063,0.426,0.477,-0.0392,0,1.11,1.0,1.0,9.7,656814,707500
8,CCH 냉각플레이트 하형,default,SKD11,800000,567063,0.709,0.704,0.323,0.1647,7,1.01,1.0,1.0,10.7,70937,638000
8,CCH 냉각플레이트 하형,default,SKD11,800000,760770,0.951,0.854,0.596,0.1711,10,1.23,1.0,1.0,4.9,19230,780000
8,CCH 냉각플레이트 하형,default,SKD11,800000,736470,0.921,0.802,0.444,0.2207,13,1.23,1.0,1.0,9.6,43030,779500
8,CCH 냉각플레이트 하형,default,SKD11,800000,442367,0.553,0.12,0.113,-0.0049,7,1.03,1.0,1.0,4.9,216133,658500
8,CCH 냉각플레이트 하형,default,SKD11,800000,418047,0.523,0.063,0.082,0.003,4,1.0,1.0,1.0,2.7,219453,637500
9,CCH 매니폴드 금형,default,H13,600000,301853,0.503,0.062,0.08,0.0006,5,1.17,1.0,1.0,6.0,257647,559500
9,CCH 매니폴드 금형,default,H13,600000,477537,0.796,0.881,0.508,0.2221,9,1.03,1.0,1.0,6.7,16463,494000
9,CCH 매니폴드 금형,default,H13,600000,503684,0.839,1.501,1.116,0.1818,7,0.91,1.0,1.0,7.8,0,434000
9,CCH 매니폴드 금형,default,H13,600000,38935,0.065,0.411,0.426,-0.0051,0,0.99,1.0,1.0,5.8,435065,474000
9,CCH 매니폴드 금형,default,H13,600000,510735,0.851,0.947,0.623,0.1916,10,1.09,1.0,1.0,9.1,11765,522500
9,CCH 매니폴드 금형,default,H13,600000,585521,0.976,2.264,1.541,0.2971,9,0.96,1.0,1.0,10.3,0,459000
9,CCH 매니폴드 금형,default,H13,600000,86769,0.145,0.193,0.245,-0.0319,0,1.08,1.0,1.0,6.2,426731,513500
9,CCH 매니폴드 금형,default,H13,600000,466224,0.777,0.815,0.44,0.2104,6,1.05,1.0,1.0,12.2,37776,504000
9,CCH 매니폴드 금형,default,H13,600000,360207,0.6,0.148,0.089,0.0245,6,1.0,1.0,1.0,5.8,118793,479000
9,CCH 매니폴드 금형,default,H13,600000,96119,0.16,0.089,0.123,-0.003,0,0.73,1.0,1.0,7.0,251381,347500
9,CCH 매니폴드 금형,default,H13,600000,114218,0.19,0.104,0.141,-0.0031,0,0.9,1.0,1.0,3.8,314782,429000
9,CCH 매니폴드 금형,default,H13,600000,108606,0.181,0.147,0.157,-0.0174,3,0.77,1.0,1.0,5.6,259894,368500
9,CCH 매니폴드 금형,default,H13,600000,147277,0.245,0.162,0.135,0.0265,4,1.06,1.0,1.0,3.5,360223,507500
9,CCH 매니폴드 금형,default,H13,600000,509807,0.85,2.426,1.674,0.3372,4,0.82,1.0,1.0,10.4,0,391500
9,CCH 매니폴드 금형,default,H13,600000,262354,0.437,0.058,0.121,-0.0236,1,0.85,1.0,1.0,4.8,142646,405000
9,CCH 매니폴드 금형,default,H13,600000,336356,0.561,0.049,0.084,0.0014,4,0.99,1.0,1.0,4.0,133144,469500
9,CCH 매니폴드 금형,default,H13,600000,268288,0.447,0.179,0.105,0.017,1,0.77,1.0,1.0,3.5,97712,366000
9,CCH 매니폴드 금형,default,H13,600000,299524,0.499,0.031,0.098,-0.0295,6,1.16,1.0,1.0,4.3,255476,555000
9,CCH 매니폴드 금형,default,H13,600000,98828,0.165,0.194,0.186,-0.0244,3,1.03,1.0,1.0,4.2,389672,488500
9,CCH 매니폴드 금형,default,H13,600000,324095,0.54,0.111,0.095,0.0182,2,0.83,1.0,1.0,3.2,73405,397500
10,OBC 상부케이스 금형,default,SKD11,1000000,120043,0.12,0.336,0.329,-0.0089,1,1.21,1.0,1.0,6.8,844957,965000
10,OBC 상부케이스 금형,default,SKD11,1000000,537692,0.538,0.125,0.101,0.0148,4,1.26,1.0,1.0,4.8,458308,996000
10,OBC 상부케이스 금형,default,SKD11,1000000,631316,0.631,1.215,0.905,0.1443,6,0.75,1.0,1.0,8.3,0,593000
10,OBC 상부케이스 금형,default,SKD11,1000000,539262,0.539,0.108,0.099,0.0211,2,0.86,1.0,1.0,3.6,142238,681500
10,OBC 상부케이스 금형,default,SKD11,1000000,983826,0.984,1.527,1.117,0.179,8,1.08,1.0,1.0,11.5,0,860500
10,OBC 상부케이스 금형,default,SKD11,1000000,780104,0.78,0.888,0.522,0.2323,6,1.01,1.0,1.0,10.5,27896,808000
10,OBC 상부케이스 금형,default,SKD11,1000000,818656,0.819,0.98,0.659,0.2147,10,1.04,1.0,1.0,6.1,2844,821500
10,OBC 상부케이스 금형,default,SKD11,1000000,529139,0.529,0.06,0.084,-0.0352,3,0.99,1.0,1.0,1.3,257361,786500
10,OBC 상부케이스 금형,default,SKD11,1000000,214550,0.215,0.179,0.16,0.0037,2,1.2,1.0,1.0,8.6,735450,950000
10,OBC 상부케이스 금형,default,SKD11,1000000,846915,0.847,1.88,1.351,0.2432,9,0.87,1.0,1.0,10.9,0,691500
10,OBC 상부케이스 금형,default,SKD11,1000000,246005,0.246,0.119,0.165,-0.0012,2,1.13,1.0,1.0,6.8,644995,891000
10,OBC 상부케이스 금형,default,SKD11,1000000,432653,0.433,0.121,0.106,-0.0066,5,0.75,1.0,1.0,6.2,169347,602000
10,OBC 상부케이스 금형,default,SKD11,1000000,220612,0.221,0.128,0.135,-0.0191,0,0.95,1.0,1.0,4.9,528888,749500
10,OBC 상부케이스 금형,default,SKD11,1000000,842422,0.842,4.41,2.886,0.6714,7,0.71,1.0,1.0,19.4,0,564000
10,OBC 상부케이스 금형,default,SKD11,1000000,516921,0.517,0.084,0.105,-0.0196,3,0.94,1.0,1.0,3.8,231079,748000
10,OBC 상부케이스 금형,default,SKD11,1000000,963900,0.964,6.557,4.138,1.073,6,0.75,1.0,1.0,23.5,0,593500
10,OBC 상부케이스 금형,default,SKD11,1000000,367826,0.368,0.091,0.081,-0.0074,1,0.86,1.0,1.0,6.3,315674,683500
10,OBC 상부케이스 금형,default,SKD11,1000000,924357,0.924,1.738,1.243,0.2182,11,0.98,1.0,1.0,6.9,0,776000
10,OBC 상부케이스 금형,default,SKD11,1000000,93559,0.094,0.42,0.418,-0.0002,0,1.29,1.0,1.0,6.7,928441,1022000
10,OBC 상부케이스 금형,default,SKD11,1000000,724074,0.724,1.268,0.944,0.1462,8,0.85,1.0,1.0,11.4,0,675500
11,OBC 하부케이스 금형,default,SKD11,1000000,1012858,1.013,2.861,1.942,0.3884,7,0.94,1.0,1.0,13.5,0,748500
11,OBC 하부케이스 금형,default,SKD11,1000000,636768,0.637,1.131,0.828,0.1468,4,0.77,1.0,1.0,6.5,0,608500
11,OBC 하부케이스 금형,default,SKD11,1000000,1016657,1.017,1.94,1.361,0.2582,9,1.04,1.0,1.0,11.0,0,829500
11,OBC 하부케이스 금형,default,SKD11,1000000,554936,0.555,0.076,0.137,-0.0221,5,1.07,1.0,1.0,6.9,293564,848500
11,OBC 하부케이스 금형,default,SKD11,1000000,417175,0.417,0.126,0.109,-0.0016,2,0.86,1.0,1.0,3.5,266825,684000
11,OBC 하부케이스 금형,default,SKD11,1000000,526829,0.527,0.688,0.205,0.1283,2,0.78,1.0,1.0,7.9,95171,622000
11,OBC 하부케이스 금형,default,SKD11,1000000,62047,0.062,0.522,0.485,0.0125,1,1.12,1.0,1.0,5.8,829953,892000
11,OBC 하부케이스 금형,default,SKD11,1000000,918325,0.918,1.876,1.321,0.2401,7,0.95,1.0,1.0,11.2,0,755000
11,OBC 하부케이스 금형,default,SKD11,1000000,825116,0.825,0.708,0.229,0.119,11,1.23,1.0,1.0,5.3,150884,976000
11,OBC 하부케이스 금형,default,SKD11,1000000,622649,0.623,0.073,0.076,-0.0037,7,1.04,1.0,1.0,10.0,206351,829000
11,OBC 하부케이스 금형,default,SKD11,1000000,458210,0.458,0.095,0.107,-0.0109,3,1.26,1.0,1.0,4.1,542290,1000500
11,OBC 하부케이스 금형,default,SKD11,1000000,731547,0.732,0.099,0.127,-0.0213,8,1.24,1.0,1.0,7.6,250453,982000
11,OBC 하부케이스 금형,default,SKD11,1000000,851481,0.851,1.854,1.326,0.2198,7,0.88,1.0,1.0,10.8,0,702500
11,OBC 하부케이스 금형,default,SKD11,1000000,739700,0.74,0.109,0.097,0.0016,10,1.15,1.0,1.0,6.5,174800,914500
11,OBC 하부케이스 금형,default,SKD11,1000000,745808,0.746,0.048,0.079,0.0025,7,1.3,1.0,1.0,6.6,287192,1033000
11,OBC 하부케이스 금형,default,SKD11,1000000,270221,0.27,0.051,0.079,-0.0097,3,0.74,1.0,1.0,7.4,320279,590500
11,OBC 하부케이스 금형,default,SKD11,1000000,774445,0.774,2.992,2.05,0.4093,6,0.71,1.0,1.0,17.0,0,566500
11,OBC 하부케이스 금형,default,SKD11,1000000,200890,0.201,0.154,0.175,-0.003,2,1.12,1.0,1.0,4.9,690610,891500
11,OBC 하부케이스 금형,default,SKD11,1000000,696378,0.696,0.05,0.101,-0.0172,7,1.15,1.0,1.0,4.0,214122,910500
11,OBC 하부케이스 금형,default,SKD11,1000000,326033,0.326,0.103,0.119,-0.0096,1,0.97,1.0,1.0,6.2,443967,770000
12,BMS 브라켓 금형,default,SKD61,1200000,312448,0.26,0.105,0.141,-0.0004,3,0.92,1.15,1.0,3.1,701552,1014000
12,BMS 브라켓 금형,default,SKD61,1200000,306423,0.255,0.074,0.15,-0.0146,1,0.88,1.15,1.0,4.0,659077,965500
12,BMS 브라켓 금형,default,SKD61,1200000,125361,0.104,0.256,0.345,-0.0316,0,1.06,1.15,1.0,3.7,1035139,1160500
12,BMS 브라켓 금형,default,SKD61,1200000,226668,0.189,0.228,0.196,0.0091,3,1.08,1.15,1.0,7.0,957332,1184000
12,BMS 브라켓 금형,default,SKD61,1200000,128788,0.107,0.329,0.375,-0.024,0,1.11,1.15,1.0,6.3,1090212,1219000
12,BMS 브라켓 금형,default,SKD61,1200000,61642,0.051,0.471,0.546,-0.0275,2,1.01,1.15,1.0,4.3,1045358,1107000
12,BMS 브라켓 금형,default,SKD61,1200000,334890,0.279,0.133,0.137,0.0093,5,1.09,1.15,1.0,8.8,855610,1190500
12,BMS 브라켓 금형,default,SKD61,1200000,1106649,0.922,1.751,1.246,0.2191,5,0.84,1.15,1.0,11.0,0,929500
12,BMS 브라켓 금형,default,SKD61,1200000,883698,0.736,0.135,0.114,0.0066,7,1.1,1.15,1.0,6.5,318302,1202000
12,BMS 브라켓 금형,default,SKD61,1200000,858442,0.715,0.705,0.351,0.1698,4,0.89,1.15,1.0,1.3,109558,968000
12,BMS 브라켓 금형,default,SKD61,1200000,1113565,0.928,0.623,0.183,0.1142,12,1.22,1.15,1.0,11.1,224435,1338000
12,BMS 브라켓 금형,default,SKD61,1200000,521303,0.434,0.156,0.098,0.0147,3,1.11,1.15,1.0,7.3,699697,1221000
12,BMS 브라켓 금형,default,SKD61,1200000,748781,0.624,0.133,0.113,0.0046,9,1.29,1.15,1.0,3.0,668219,1417000
12,BMS 브라켓 금형,default,SKD61,1200000,1067333,0.889,2.2,1.528,0.3,7,0.77,1.15,1.0,10.6,0,843000
12,BMS 브라켓 금형,default,SKD61,1200000,713628,0.595,0.118,0.098,0.0084,8,1.13,1.15,1.0,3.7,519872,1233500
12,BMS 브라켓 금형,default,SKD61,1200000,1221955,1.018,3.065,2.077,0.4481,7,0.81,1.15,1.0,16.6,0,886500
12,BMS 브라켓 금형,default,SKD61,1200000,1114841,0.929,3.781,2.495,0.5528,8,0.71,1.15,1.0,16.3,0,777000
12,BMS 브라켓 금형,default,SKD61,1200000,675931,0.563,0.054,0.076,-0.0147,4,1.15,1.15,1.0,3.4,587569,1263500
12,BMS 브라켓 금형,default,SKD61,1200000,947534,0.79,0.968,0.643,0.1942,4,0.88,1.15,1.0,6.4,9966,957500
12,BMS 브라켓 금형,default,SKD61,1200000,968369,0.807,0.831,0.457,0.2177,6,0.97,1.15,1.0,8.0,89631,1058000
13,프론트 범퍼빔 1공정 금형,default,SKD11,600000,561646,0.936,4.779,3.095,0.7431,8,0.77,1.0,1.0,20.7,0,370000
13,프론트 범퍼빔 1공정 금형,default,SKD11,600000,41269,0.069,0.315,0.305,0.0003,0,0.7,1.0,1.0,7.1,294231,335500
13,프론트 범퍼빔 1공정 금형,default,SKD11,600000,620912,1.035,5.176,3.304,0.8212,9,0.84,1.0,1.0,21.2,0,404000
13,프론트 범퍼빔 1공정 금형,default,SKD11,600000,171807,0.286,0.18,0.145,0.0084,2,1.26,1.0,1.0,7.1,427193,599000
13,프론트 범퍼빔 1공정 금형,default,SKD11,600000,414302,0.691,1.659,1.219,0.2154,3,0.73,1.0,1.0,7.9,0,350500
13,프론트 범퍼빔 1공정 금형,default,SKD11,600000,594489,0.991,4.34,2.827,0.6672,6,0.84,1.0,1.0,18.4,0,399500
13,프론트 범퍼빔 1공정 금형,default,SKD11,600000,248243,0.414,0.127,0.106,0.0154,6,1.13,1.0,1.0,2.9,290757,539000
13,프론트 범퍼빔 1공정 금형,default,SKD11,600000,455419,0.759,0.845,0.468,0.215,8,1.03,1.0,1.0,7.4,38581,494000
13,프론트 범퍼빔 1공정 금형,default,SKD11,600000,303071,0.505,0.14,0.099,-0.0034,5,0.92,1.0,1.0,4.6,135429,438500
13,프론트 범퍼빔 1공정 금형,default,SKD11,600000,577425,0.962,1.502,1.114,0.1825,9,1.05,1.0,1.0,10.4,0,503000
13,프론트 범퍼빔 1공정 금형,default,SKD11,600000,273666,0.456,0.093,0.064,-0.0085,1,0.76,1.0,1.0,9.6,87834,361500
13,프론트 범퍼빔 1공정 금형,default,SKD11,600000,622920,1.038,9.362,5.727,1.5601,8,0.75,1.0,1.0,34.1,0,357500
13,프론트 범퍼빔 1공정 금형,default,SKD11,600000,497817,0.83,1.345,0.948,0.1467,8,0.96,1.0,1.0,7.1,0,457000
13,프론트 범퍼빔 1공정 금형,default,SKD11,600000,69020,0.115,0.259,0.315,-0.0182,2,1.25,1.0,1.0,4.6,526480,595500
13,프론트 범퍼빔 1공정 금형,default,SKD11,600000,266059,0.443,0.145,0.069,0.0223,6,1.14,1.0,1.0,0.5,280941,547000
13,프론트 범퍼빔 1공정 금형,default,SKD11,600000,347744,0.58,0.627,0.316,0.1691,6,0.83,1.0,1.0,12.3,46756,394500
13,프론트 범퍼빔 1공정 금형,default,SKD11,600000,299333,0.499,0.07,0.11,0.0071,7,1.12,1.0,1.0,8.0,234167,533500
13,프론트 범퍼빔 1공정 금형,default,SKD11,600000,114212,0.19,0.163,0.158,0.0052,2,1.22,1.0,1.0,6.5,465288,579500
13,프론트 범퍼빔 1공정 금형,default,SKD11,600000,387676,0.646,0.095,0.096,-0.0021,6,1.24,1.0,1.0,3.7,200324,588000
13,프론트 범퍼빔 1공정 금형,default,SKD11,600000,468189,0.78,1.086,0.736,0.2157,5,0.95,1.0,1.0,8.7,0,455500
14,프론트 범퍼빔 2공정 금형,default,SKD11,600000,561784,0.936,1.521,1.099,0.1838,8,1.03,1.0,1.0,12.4,0,494500
14,프론트 범퍼빔 2공정 금형,default,SKD11,600000,494646,0.824,0.999,0.679,0.1918,6,1.03,1.0,1.0,10.0,0,492000
14,프론트 범퍼빔 2공정 금형,default,SKD11,600000,260501,0.434,0.133,0.127,0.0055,6,1.28,1.0,1.0,6.1,349499,610000
14,프론트 범퍼빔 2공정 금형,default,SKD11,600000,153077,0.255,0.109,0.121,-0.0131,2,0.88,1.0,1.0,5.8,267423,420500
14,프론트 범퍼빔 2공정 금형,default,SKD11,600000,68837,0.115,0.275,0.268,0.0061,2,0.93,1.0,1.0,5.1,375663,444500
14,프론트 범퍼빔 2공정 금형,default,SKD11,600000,233033,0.388,0.139,0.089,0.007,1,0.72,1.0,1.0,4.6,109967,343000
14,프론트 범퍼빔 2공정 금형,default,SKD11,600000,153363,0.256,0.066,0.143,-0.026,2,1.12,1.0,1.0,4.6,379637,533000
14,프론트 범퍼빔 2공정 금형,default,SKD11,600000,229170,0.382,0.112,0.103,0.0175,2,1.13,1.0,1.0,1.8,309330,538500
14,프론트 범퍼빔 2공정 금형,default,SKD11,600000,155678,0.259,0.12,0.165,-0.0261,2,1.22,1.0,1.0,4.9,425822,581500
14,프론트 범퍼빔 2공정 금형,default,SKD11,600000,622215,1.037,4.034,2.636,0.6226,8,0.89,1.0,1.0,17.6,0,426000
14,프론트 범퍼빔 2공정 금형,default,SKD11,600000,386196,0.644,0.139,0.1,-0.0014,8,1.19,1.0,1.0,3.8,178304,564500
14,프론트 범퍼빔 2공정 금형,default,SKD11,600000,307388,0.512,0.122,0.114,0.0002,5,0.9,1.0,1.0,4.7,120112,427500
14,프론트 범퍼빔 2공정 금형,default,SKD11,600000,167101,0.279,0.062,0.093,-0.0078,1,0.77,1.0,1.0,8.4,201399,368500
14,프론트 범퍼빔 2공정 금형,default,SKD11,600000,188954,0.315,0.129,0.124,-0.0038,3,1.04,1.0,1.0,4.1,305046,494000
14,프론트 범퍼빔 2공정 금형,default,SKD11,600000,472657,0.788,0.994,0.67,0.203,6,0.98,1.0,1.0,8.5,0,470000
14,프론트 범퍼빔 2공정 금형,default,SKD11,600000,118911,0.198,0.123,0.152,-0.0178,2,0.99,1.0,1.0,1.4,353589,472500
14,프론트 범퍼빔 2공정 금형,default,SKD11,600000,218755,0.365,0.078,0.082,-0.0061,4,0.81,1.0,1.0,5.3,169745,388500
14,프론트 범퍼빔 2공정 금형,default,SKD11,600000,495439,0.826,0.655,0.209,0.1149,8,1.24,1.0,1.0,8.3,95061,590500
14,프론트 범퍼빔 2공정 금형,default,SKD11,600000,194117,0.324,0.103,0.089,-0.0029,0,0.86,1.0,1.0,2.8,219383,413500
14,프론트 범퍼빔 2공정 금형,default,SKD11,600000,412462,0.687,0.818,0.493,0.1901,5,0.92,1.0,1.0,7.0,25538,438000
15,리어 범퍼빔 금형,default,SKD11,600000,481175,0.802,0.132,0.114,-0.0075,11,1.28,1.0,1.0,6.9,129825,611000
15,리어 범퍼빔 금형,default,SKD11,600000,287535,0.479,0.048,0.118,-0.0245,1,0.78,1.0,1.0,1.3,85465,373000
15,리어 범퍼빔 금형,default,SKD11,600000,493689,0.823,0.609,0.193,0.0966,7,1.2,1.0,1.0,4.6,80311,574000
15,리어 범퍼빔 금형,default,SKD11,600000,625445,1.042,2.699,1.817,0.3868,10,0.98,1.0,1.0,9.2,0,470500
15,리어 범퍼빔 금형,default,SKD11,600000,255263,0.425,0.075,0.093,-0.0071,4,1.0,1.0,1.0,5.0,220737,476000
15,리어 범퍼빔 금형,default,SKD11,600000,128229,0.214,0.07,0.143,-0.0486,1,0.91,1.0,1.0,6.0,305271,433500
15,리어 범퍼빔 금형,default,SKD11,600000,65949,0.11,0.153,0.179,-0.0206,0,0.73,1.0,1.0,4.3,281051,347000
15,리어 범퍼빔 금형,default,SKD11,600000,504569,0.841,1.791,1.27,0.2329,9,0.88,1.0,1.0,9.3,0,419000
15,리어 범퍼빔 금형,default,SKD11,600000,377190,0.629,0.839,0.472,0.2307,3,0.84,1.0,1.0,8.7,25810,403000
15,리어 범퍼빔 금형,default,SKD11,600000,181587,0.303,0.127,0.122,0.0023,5,1.27,1.0,1.0,6.4,421413,603000
15,리어 범퍼빔 금형,default,SKD11,600000,278865,0.465,0.087,0.115,-0.0093,5,0.94,1.0,1.0,3.5,173135,452000
15,리어 범퍼빔 금형,default,SKD11,600000,117524,0.196,0.166,0.129,-0.0048,2,0.95,1.0,1.0,6.6,337976,455500
15,리어 범퍼빔 금형,default,SKD11,600000,471996,0.787,0.679,0.211,0.1091,10,1.15,1.0,1.0,9.7,76004,548000
15,리어 범퍼빔 금형,default,SKD11,600000,217080,0.362,0.125,0.115,-0.0012,1,0.92,1.0,1.0,1.8,225420,442500
15,리어 범퍼빔 금형,default,SKD11,600000,505388,0.842,0.867,0.489,0.2313,8,1.1,1.0,1.0,5.5,22612,528000
15,리어 범퍼빔 금형,default,SKD11,600000,398287,0.664,1.44,1.08,0.1665,3,0.74,1.0,1.0,10.1,0,352500
15,리어 범퍼빔 금형,default,SKD11,600000,170893,0.285,0.05,0.113,-0.025,4,1.24,1.0,1.0,3.7,420607,591500
15,리어 범퍼빔 금형,default,SKD11,600000,280202,0.467,0.128,0.113,0.014,2,0.77,1.0,1.0,3.9,91298,371500
15,리어 범퍼빔 금형,default,SKD11,600000,443224,0.739,0.887,0.472,0.236,5,0.97,1.0,1.0,7.9,19276,462500
15,리어 범퍼빔 금형,default,SKD11,600000,177525,0.296,0.111,0.099,0.0057,2,0.97,1.0,1.0,5.0,284975,462500
16,프론트 서브프레임 1공정,default,SKD61,500000,374504,0.749,0.015,0.108,-0.0204,7,1.13,1.15,1.0,7.7,142496,517000
16,프론트 서브프레임 1공정,default,SKD61,500000,420409,0.841,0.111,0.11,0.0276,10,1.21,1.15,1.0,4.0,135591,556000
16,프론트 서브프레임 1공정,default,SKD61,500000,292242,0.584,0.101,0.108,-0.0032,5,1.18,1.15,1.0,7.2,250758,543000
16,프론트 서브프레임 1공정,default,SKD61,500000,191588,0.383,0.162,0.114,0.0083,2,1.08,1.15,1.0,4.9,302912,494500
16,프론트 서브프레임 1공정,default,SKD61,500000,468346,0.937,0.771,0.344,0.2058,9,1.13,1.15,1.0,9.2,49154,517500
16,프론트 서브프레임 1공정,default,SKD61,500000,473942,0.948,0.097,0.089,0.0126,10,1.29,1.15,1.0,2.0,112558,586500
16,프론트 서브프레임 1공정,default,SKD61,500000,241998,0.484,0.095,0.068,0.0202,2,0.72,1.15,1.0,3.9,88502,330500
16,프론트 서브프레임 1공정,default,SKD61,500000,180250,0.36,0.151,0.115,0.0226,3,1.18,1.15,1.0,3.7,359250,539500
16,프론트 서브프레임 1공정,default,SKD61,500000,250266,0.501,0.081,0.11,-0.0033,5,1.09,1.15,1.0,2.3,249234,499500
16,프론트 서브프레임 1공정,default,SKD61,500000,254108,0.508,0.08,0.081,-0.0011,7,0.99,1.15,1.0,4.4,198392,452500
16,프론트 서브프레임 1공정,default,SKD61,500000,369832,0.74,1.296,0.942,0.1596,3,0.75,1.15,1.0,7.4,0,343500
16,프론트 서브프레임 1공정,default,SKD61,500000,129379,0.259,0.132,0.128,-0.0006,3,0.88,1.15,1.0,4.1,273121,402500
16,프론트 서브프레임 1공정,default,SKD61,500000,53198,0.106,0.262,0.36,-0.0242,2,1.08,1.15,1.0,5.1,444302,497500
16,프론트 서브프레임 1공정,default,SKD61,500000,146508,0.293,0.101,0.163,-0.0215,5,1.24,1.15,1.0,6.0,419992,566500
16,프론트 서브프레임 1공정,default,SKD61,500000,42289,0.085,0.286,0.387,-0.0495,0,0.97,1.15,1.0,4.4,398211,440500
16,프론트 서브프레임 1공정,default,SKD61,500000,361525,0.723,0.18,0.141,0.0108,9,1.1,1.15,1.0,4.9,144475,506000
16,프론트 서브프레임 1공정,default,SKD61,500000,39810,0.08,0.259,0.324,-0.0154,2,0.7,1.15,1.0,5.4,281190,321000
16,프론트 서브프레임 1공정,default,SKD61,500000,405030,0.81,0.14,0.131,0.0165,10,1.11,1.15,1.0,5.1,103470,508500
16,프론트 서브프레임 1공정,default,SKD61,500000,136131,0.272,0.08,0.096,-0.0234,3,0.92,1.15,1.0,2.7,281869,418000
16,프론트 서브프레임 1공정,default,SKD61,500000,267226,0.534,0.123,0.116,-0.0016,3,0.85,1.15,1.0,6.6,122774,390000
17,프론트 서브프레임 2공정,default,SKD61,500000,474395,0.949,1.192,0.93,0.12,11,0.96,1.15,1.0,5.7,0,437500
17,프론트 서브프레임 2공정,default,SKD61,500000,270582,0.541,0.097,0.098,0.0078,4,0.86,1.15,1.0,2.9,124918,395500
17,프론트 서브프레임 2공정,default,SKD61,500000,140739,0.281,0.215,0.114,0.0259,1,0.81,1.15,1.0,3.5,227261,368000
17,프론트 서브프레임 2공정,default,SKD61,500000,500180,1.0,0.785,0.33,0.2004,10,1.2,1.15,1.0,8.5,50820,551000
17,프론트 서브프레임 2공정,default,SKD61,500000,225012,0.45,0.121,0.112,-0.0024,4,0.78,1.15,1.0,2.8,131488,356500
17,프론트 서브프레임 2공정,default,SKD61,500000,282381,0.565,0.113,0.115,-0.0016,4,0.8,1.15,1.0,6.4,84619,367000
17,프론트 서브프레임 2공정,default,SKD61,500000,112601,0.225,0.096,0.115,0.0072,0,0.86,1.15,1.0,7.4,281899,394500
17,프론트 서브프레임 2공정,default,SKD61,500000,188998,0.378,0.097,0.117,-0.0123,4,0.9,1.15,1.0,5.6,224002,413000
17,프론트 서브프레임 2공정,default,SKD61,500000,314275,0.629,0.119,0.128,0.0032,8,1.22,1.15,1.0,3.6,245725,560000
17,프론트 서브프레임 2공정,default,SKD61,500000,159852,0.32,0.104,0.132,-0.013,1,1.19,1.15,1.0,5.5,385648,545500
17,프론트 서브프레임 2공정,default,SKD61,500000,283545,0.567,0.643,0.222,0.1049,3,0.74,1.15,1.0,7.5,53955,337500
17,프론트 서브프레임 2공정,default,SKD61,500000,216609,0.433,0.157,0.106,0.0243,3,0.75,1.15,1.0,3.6,126391,343000
17,프론트 서브프레임 2공정,default,SKD61,500000,271965,0.544,0.034,0.085,-0.014,7,1.2,1.15,1.0,3.7,275035,547000
17,프론트 서브프레임 2공정,default,SKD61,500000,376199,0.752,1.441,1.069,0.1753,3,0.73,1.15,1.0,6.2,0,333500
17,프론트 서브프레임 2공정,default,SKD61,500000,488153,0.976,1.796,1.283,0.2279,6,0.88,1.15,1.0,10.4,0,404500
17,프론트 서브프레임 2공정,default,SKD61,500000,264670,0.529,0.099,0.066,0.002,2,0.82,1.15,1.0,7.7,112830,377500
17,프론트 서브프레임 2공정,default,SKD61,500000,430742,0.861,0.828,0.469,0.2107,9,1.02,1.15,1.0,13.0,35258,466000
17,프론트 서브프레임 2공정,default,SKD61,500000,50834,0.102,0.318,0.333,-0.0181,2,0.96,1.15,1.0,5.8,390666,441500
17,프론트 서브프레임 2공정,default,SKD61,500000,151660,0.303,0.122,0.11,0.0012,1,0.95,1.15,1.0,5.8,278340,430000
17,프론트 서브프레임 2공정,default,SKD61,500000,235185,0.47,0.155,0.121,0.008,2,0.92,1.15,1.0,2.4,184815,420000
18,시트레일 좌측 금형,default,SKD11,1500000,266966,0.178,0.172,0.213,-0.0117,1,1.08,1.0,1.0,5.9,1018034,1285000
18,시트레일 좌측 금형,default,SKD11,1500000,1284427,0.856,0.728,0.323,0.1785,12,1.23,1.0,1.0,6.4,178573,1463000
18,시트레일 좌측 금형,default,SKD11,1500000,156600,0.104,0.319,0.313,-0.0128,3,0.98,1.0,1.0,6.2,1014900,1171500
18,시트레일 좌측 금형,default,SKD11,1500000,518833,0.346,0.124,0.113,0.0006,2,0.82,1.0,1.0,4.1,451167,970000
18,시트레일 좌측 금형,default,SKD11,1500000,395511,0.264,0.123,0.149,-0.0065,5,1.22,1.0,1.0,3.4,1055489,1451000
18,시트레일 좌측 금형,default,SKD11,1500000,1428414,0.952,1.057,0.703,0.209,13,1.18,1.0,1.0,9.6,0,1408000
18,시트레일 좌측 금형,default,SKD11,1500000,1217894,0.812,0.131,0.094,0.0066,9,1.27,1.0,1.0,8.6,293106,1511000
18,시트레일 좌측 금형,default,SKD11,1500000,1203163,0.802,1.379,1.018,0.177,6,0.91,1.0,1.0,11.6,0,1082000
18,시트레일 좌측 금형,default,SKD11,1500000,1357570,0.905,3.447,2.283,0.5113,8,0.81,1.0,1.0,14.0,0,958000
18,시트레일 좌측 금형,default,SKD11,1500000,1234454,0.823,0.669,0.223,0.1001,12,1.23,1.0,1.0,9.1,228546,1463000
18,시트레일 좌측 금형,default,SKD11,1500000,952725,0.635,1.313,0.988,0.1541,6,0.73,1.0,1.0,9.8,0,868000
18,시트레일 좌측 금형,default,SKD11,1500000,1536729,1.024,1.731,1.286,0.2279,9,1.06,1.0,1.0,10.3,0,1259500
18,시트레일 좌측 금형,default,SKD11,1500000,1432959,0.955,2.522,1.736,0.3454,7,0.91,1.0,1.0,12.8,0,1086500
18,시트레일 좌측 금형,default,SKD11,1500000,718425,0.479,0.01,0.073,-0.0029,3,1.22,1.0,1.0,1.9,728575,1447000
18,시트레일 좌측 금형,default,SKD11,1500000,886924,0.591,0.14,0.097,0.0045,9,1.22,1.0,1.0,2.6,568576,1455500
18,시트레일 좌측 금형,default,SKD11,1500000,850650,0.567,0.109,0.103,0.0057,5,1.29,1.0,1.0,3.9,690850,1541500
18,시트레일 좌측 금형,default,SKD11,1500000,864450,0.576,0.647,0.184,0.1222,4,0.85,1.0,1.0,9.5,141550,1006000
18,시트레일 좌측 금형,default,SKD11,1500000,1043128,0.695,1.214,0.907,0.138,5,0.81,1.0,1.0,9.5,0,969500
18,시트레일 좌측 금형,default,SKD11,1500000,744894,0.497,0.154,0.1,0.0255,2,0.9,1.0,1.0,3.9,329106,1074000
18,시트레일 좌측 금형,default,SKD11,1500000,622410,0.415,0.115,0.106,0.0064,5,0.88,1.0,1.0,4.1,427090,1049500
19,시트레일 우측 금형,default,SKD11,1500000,1359694,0.906,0.779,0.323,0.198,13,1.27,1.0,1.0,9.2,154806,1514500
19,시트레일 우측 금형,default,SKD11,1500000,758311,0.506,0.104,0.102,-0.0093,3,1.11,1.0,1.0,6.0,555689,1314000
19,시트레일 우측 금형,default,SKD11,1500000,663637,0.442,0.077,0.094,0.0059,4,0.92,1.0,1.0,3.1,429363,1093000
19,시트레일 우측 금형,default,SKD11,1500000,564836,0.377,0.093,0.098,0.0004,1,0.77,1.0,1.0,4.5,357164,922000
19,시트레일 우측 금형,default,SKD11,1500000,592529,0.395,0.096,0.092,0.0011,3,0.84,1.0,1.0,8.7,408971,1001500
19,시트레일 우측 금형,default,SKD11,1500000,778288,0.519,0.127,0.088,0.0054,5,1.22,1.0,1.0,7.7,672212,1450500
19,시트레일 우측 금형,default,SKD11,1500000,442882,0.295,0.111,0.115,-0.0078,3,0.96,1.0,1.0,5.0,699118,1142000
19,시트레일 우측 금형,default,SKD11,1500000,975566,0.65,0.968,0.629,0.2204,3,0.82,1.0,1.0,5.8,0,968000
19,시트레일 우측 금형,default,SKD11,1500000,1138655,0.759,0.103,0.125,-0.0055,9,1.22,1.0,1.0,3.5,316845,1455500
19,시트레일 우측 금형,default,SKD11,1500000,1076804,0.718,0.836,0.518,0.1708,8,0.97,1.0,1.0,8.0,74696,1151500
19,시트레일 우측 금형,default,SKD11,1500000,801593,0.534,0.732,0.414,0.2164,1,0.73,1.0,1.0,6.5,76407,878000
19,시트레일 우측 금형,default,SKD11,1500000,1356181,0.904,1.414,1.028,0.1791,8,1.02,1.0,1.0,8.5,0,1208500
19,시트레일 우측 금형,default,SKD11,1500000,380781,0.254,0.108,0.154,-0.0002,3,1.16,1.0,1.0,3.9,999219,1380000
19,시트레일 우측 금형,default,SKD11,1500000,436049,0.291,0.146,0.147,-0.0153,5,1.27,1.0,1.0,6.5,1080451,1516500
19,시트레일 우측 금형,default,SKD11,1500000,361309,0.241,0.086,0.138,-0.0181,4,0.89,1.0,1.0,3.6,703691,1065000
19,시트레일 우측 금형,default,SKD11,1500000,588494,0.392,0.078,0.105,-0.0213,2,0.91,1.0,1.0,3.2,495506,1084000
19,시트레일 우측 금형,default,SKD11,1500000,200185,0.133,0.215,0.245,-0.005,0,1.06,1.0,1.0,8.9,1060315,1260500
19,시트레일 우측 금형,default,SKD11,1500000,1027101,0.685,0.079,0.125,-0.017,9,1.1,1.0,1.0,8.4,287399,1314500
19,시트레일 우측 금형,default,SKD11,1500000,454141,0.303,0.125,0.151,-0.0074,5,1.08,1.0,1.0,7.1,830859,1285000
19,시트레일 우측 금형,default,SKD11,1500000,1117834,0.745,0.746,0.325,0.1868,9,1.08,1.0,1.0,6.2,168166,1286000
20,도어힌지 상부 금형,default,SKD61,2000000,294152,0.147,0.268,0.264,0.0017,3,1.03,1.15,1.0,6.9,1579848,1874000
20,도어힌지 상부 금형,default,SKD61,2000000,480494,0.24,0.115,0.14,-0.0255,0,0.99,1.15,1.0,7.3,1331006,1811500
20,도어힌지 상부 금형,default,SKD61,2000000,1948061,0.974,0.835,0.48,0.2106,12,1.15,1.15,1.0,7.6,152439,2100500
20,도어힌지 상부 금형,default,SKD61,2000000,1302877,0.651,0.124,0.116,0.0018,9,1.17,1.15,1.0,6.0,828123,2131000
20,도어힌지 상부 금형,default,SKD61,2000000,1280673,0.64,0.68,0.304,0.1818,4,0.81,1.15,1.0,6.0,194327,1475000
20,도어힌지 상부 금형,default,SKD61,2000000,989454,0.495,0.042,0.085,-0.0209,3,0.96,1.15,1.0,6.0,765046,1754500
20,도어힌지 상부 금형,default,SKD61,2000000,1197595,0.599,0.069,0.081,0.0011,4,0.83,1.15,1.0,3.8,324905,1522500
20,도어힌지 상부 금형,default,SKD61,2000000,1077168,0.539,0.08,0.091,-0.0015,3,0.88,1.15,1.0,7.8,518332,1595500
20,도어힌지 상부 금형,default,SKD61,2000000,1185014,0.593,0.039,0.091,-0.0226,6,0.97,1.15,1.0,1.7,585986,1771000
20,도어힌지 상부 금형,default,SKD61,2000000,1922816,0.961,0.827,0.485,0.1962,11,1.1,1.15,1.0,8.1,93684,2016500
20,도어힌지 상부 금형,default,SKD61,2000000,572815,0.286,0.144,0.137,-0.005,4,1.2,1.15,1.0,2.2,1613685,2186500
20,도어힌지 상부 금형,default,SKD61,2000000,1557405,0.779,0.852,0.471,0.2163,5,0.88,1.15,1.0,9.5,48095,1605500
20,도어힌지 상부 금형,default,SKD61,2000000,1802903,0.901,0.726,0.344,0.1494,9,1.13,1.15,1.0,6.9,258097,2061000
20,도어힌지 상부 금형,default,SKD61,2000000,1627142,0.814,1.193,0.875,0.1456,5,0.83,1.15,1.0,11.2,0,1524500
20,도어힌지 상부 금형,default,SKD61,2000000,911898,0.456,0.031,0.1,-0.0252,5,1.21,1.15,1.0,3.8,1289602,2201500
20,도어힌지 상부 금형,default,SKD61,2000000,955357,0.478,0.199,0.125,0.0413,6,1.09,1.15,1.0,3.7,1040643,1996000
20,도어힌지 상부 금형,default,SKD61,2000000,1065987,0.533,0.14,0.1,0.0133,6,1.26,1.15,1.0,5.9,1233013,2299000
20,도어힌지 상부 금형,default,SKD61,2000000,2061846,1.031,2.062,1.417,0.2731,11,0.91,1.15,1.0,11.1,0,1659500
20,도어힌지 상부 금형,default,SKD61,2000000,823734,0.412,0.039,0.106,-0.0214,3,1.03,1.15,1.0,2.4,1064266,1888000
20,도어힌지 상부 금형,default,SKD61,2000000,477548,0.239,0.111,0.162,-0.0072,1,1.21,1.15,1.0,6.7,1729952,2207500
21,도어힌지 하부 금형,default,SKD61,2000000,1612704,0.806,0.664,0.232,0.0956,8,1.07,1.15,1.0,3.4,341296,1954000
21,도어힌지 하부 금형,default,SKD61,2000000,1083808,0.542,0.142,0.131,-0.0079,4,1.16,1.15,1.0,3.7,1043692,2127500
21,도어힌지 하부 금형,default,SKD61,2000000,1178000,0.589,0.056,0.078,-0.01,5,1.03,1.15,1.0,4.3,696000,1874000
21,도어힌지 하부 금형,default,SKD61,2000000,1687224,0.844,0.125,0.114,-0.0036,10,1.13,1.15,1.0,3.1,373776,2061000
21,도어힌지 하부 금형,default,SKD61,2000000,1245567,0.623,0.081,0.07,0.01,4,0.84,1.15,1.0,2.8,291933,1537500
21,도어힌지 하부 금형,default,SKD61,2000000,506455,0.253,0.176,0.138,-0.0039,0,0.97,1.15,1.0,7.8,1264545,1771000
21,도어힌지 하부 금형,default,SKD61,2000000,252435,0.126,0.173,0.249,-0.0059,0,0.78,1.15,1.0,4.8,1163565,1416000
21,도어힌지 하부 금형,default,SKD61,2000000,608714,0.304,0.162,0.109,0.0148,5,1.15,1.15,1.0,8.4,1486786,2095500
21,도어힌지 하부 금형,default,SKD61,2000000,1988567,0.994,5.022,3.261,0.7823,8,0.71,1.15,1.0,19.9,0,1294500
21,도어힌지 하부 금형,default,SKD61,2000000,1480526,0.74,0.118,0.088,-0.0023,11,1.25,1.15,1.0,7.4,801974,2282500
21,도어힌지 하부 금형,default,SKD61,2000000,337276,0.169,0.133,0.163,-0.014,0,0.72,1.15,1.0,5.1,982724,1320000
21,도어힌지 하부 금형,default,SKD61,2000000,1029884,0.515,0.143,0.114,0.0156,5,1.15,1.15,1.0,4.4,1081116,2111000
21,도어힌지 하부 금형,default,SKD61,2000000,1541364,0.771,1.077,0.73,0.2087,4,0.82,1.15,1.0,7.6,0,1497500
21,도어힌지 하부 금형,default,SKD61,2000000,1934240,0.967,1.188,0.833,0.1461,10,1.0,1.15,1.0,11.2,0,1831500
21,도어힌지 하부 금형,default,SKD61,2000000,1319177,0.66,0.094,0.111,-0.0084,8,1.21,1.15,1.0,6.6,889823,2209000
21,도어힌지 하부 금형,default,SKD61,2000000,1073266,0.537,0.136,0.103,0.0098,5,1.27,1.15,1.0,6.6,1238734,2312000
21,도어힌지 하부 금형,default,SKD61,2000000,1541954,0.771,0.119,0.094,-0.003,10,1.29,1.15,1.0,5.9,804046,2346000
21,도어힌지 하부 금형,default,SKD61,2000000,293911,0.147,0.232,0.19,-0.0082,1,0.7,1.15,1.0,5.3,995089,1289000
21,도어힌지 하부 금형,default,SKD61,2000000,885242,0.443,0.1,0.123,-0.0051,3,1.02,1.15,1.0,3.5,977758,1863000
21,도어힌지 하부 금형,default,SKD61,2000000,640739,0.32,0.141,0.128,0.0074,3,1.17,1.15,1.0,5.5,1497761,2138500
22,브레이크 브라켓 1공정,default,SKD11,800000,453676,0.567,1.046,0.693,0.2054,5,0.71,1.0,1.0,7.8,0,451000
22,브레이크 브라켓 1공정,default,SKD11,800000,703772,0.88,2.518,1.782,0.3418,7,0.84,1.0,1.0,12.0,0,533000
22,브레이크 브라켓 1공정,default,SKD11,800000,747061,0.934,5.489,3.547,0.8637,9,0.75,1.0,1.0,23.1,0,479000
22,브레이크 브라켓 1공정,default,SKD11,800000,707286,0.884,3.456,2.278,0.5217,6,0.79,1.0,1.0,13.5,0,503500
22,브레이크 브라켓 1공정,default,SKD11,800000,472482,0.591,0.066,0.107,-0.0118,8,1.1,1.0,1.0,4.1,227518,700000
22,브레이크 브라켓 1공정,default,SKD11,800000,661022,0.826,0.938,0.495,0.2498,6,1.07,1.0,1.0,9.4,19978,681000
22,브레이크 브라켓 1공정,default,SKD11,800000,763012,0.954,3.038,2.091,0.406,7,0.87,1.0,1.0,10.6,0,553500
22,브레이크 브라켓 1공정,default,SKD11,800000,90765,0.113,0.178,0.207,-0.0167,1,0.77,1.0,1.0,5.8,401735,492500
22,브레이크 브라켓 1공정,default,SKD11,800000,232406,0.291,0.148,0.138,0.0031,4,0.97,1.0,1.0,1.7,385594,618000
22,브레이크 브라켓 1공정,default,SKD11,800000,149425,0.187,0.108,0.099,0.0046,0,0.77,1.0,1.0,4.1,337575,487000
22,브레이크 브라켓 1공정,default,SKD11,800000,72393,0.09,0.244,0.275,-0.012,0,0.78,1.0,1.0,4.2,426107,498500
22,브레이크 브라켓 1공정,default,SKD11,800000,787522,0.984,0.975,0.644,0.1959,11,1.24,1.0,1.0,6.1,0,786500
22,브레이크 브라켓 1공정,default,SKD11,800000,644440,0.806,0.061,0.095,-0.0002,9,1.3,1.0,1.0,4.3,179060,823500
22,브레이크 브라켓 1공정,default,SKD11,800000,338487,0.423,0.13,0.128,-0.0183,5,0.73,1.0,1.0,7.2,128013,466500
22,브레이크 브라켓 1공정,default,SKD11,800000,115306,0.144,0.264,0.275,0.0014,1,1.28,1.0,1.0,5.5,701194,816500
22,브레이크 브라켓 1공정,default,SKD11,800000,157899,0.197,0.222,0.212,0.002,4,1.28,1.0,1.0,6.3,655601,813500
22,브레이크 브라켓 1공정,default,SKD11,800000,274508,0.343,0.06,0.095,-0.0099,0,0.73,1.0,1.0,7.5,188992,463500
22,브레이크 브라켓 1공정,default,SKD11,800000,187999,0.235,0.044,0.113,-0.0161,1,0.85,1.0,1.0,1.8,355001,543000
22,브레이크 브라켓 1공정,default,SKD11,800000,633027,0.791,0.587,0.177,0.0992,10,1.2,1.0,1.0,7.6,134973,768000
22,브레이크 브라켓 1공정,default,SKD11,800000,836038,1.045,3.269,2.192,0.4828,11,0.94,1.0,1.0,16.0,0,598000
23,브레이크 브라켓 2공정,default,SKD11,800000,318903,0.399,0.197,0.132,0.0013,4,1.21,1.0,1.0,4.5,447597,766500
23,브레이크 브라켓 2공정,default,SKD11,800000,469834,0.587,0.628,0.212,0.0999,4,0.89,1.0,1.0,5.3,93166,563000
23,브레이크 브라켓 2공정,default,SKD11,800000,547640,0.685,1.146,0.835,0.1189,7,0.82,1.0,1.0,8.1,0,523000
23,브레이크 브라켓 2공정,default,SKD11,800000,525894,0.657,0.09,0.088,0.0015,7,1.1,1.0,1.0,5.3,174606,700500
23,브레이크 브라켓 2공정,default,SKD11,800000,237275,0.297,0.122,0.082,0.0124,2,0.74,1.0,1.0,5.6,231225,468500
23,브레이크 브라켓 2공정,default,SKD11,800000,460971,0.576,0.731,0.336,0.1965,2,0.81,1.0,1.0,4.4,55529,516500
23,브레이크 브라켓 2공정,default,SKD11,800000,276995,0.346,0.048,0.081,-0.0055,4,0.82,1.0,1.0,5.3,245005,522000
23,브레이크 브라켓 2공정,default,SKD11,800000,219292,0.274,0.088,0.094,-0.0056,3,0.86,1.0,1.0,6.1,329208,548500
23,브레이크 브라켓 2공정,default,SKD11,800000,604327,0.755,0.137,0.087,0.0162,7,1.23,1.0,1.0,6.3,179173,783500
23,브레이크 브라켓 2공정,default,SKD11,800000,647990,0.81,1.201,0.952,0.1225,6,0.93,1.0,1.0,9.2,0,590500
23,브레이크 브라켓 2공정,default,SKD11,800000,551466,0.689,1.086,0.711,0.2181,4,0.84,1.0,1.0,9.0,0,535000
23,브레이크 브라켓 2공정,default,SKD11,800000,316054,0.395,0.103,0.119,-0.0096,2,1.17,1.0,1.0,6.2,425946,742000
23,브레이크 브라켓 2공정,default,SKD11,800000,129905,0.162,0.176,0.237,-0.0331,3,1.17,1.0,1.0,1.4,615095,745000
23,브레이크 브라켓 2공정,default,SKD11,800000,315257,0.394,0.118,0.106,0.0019,5,1.23,1.0,1.0,6.1,464743,780000
23,브레이크 브라켓 2공정,default,SKD11,800000,537479,0.672,0.113,0.113,0.0166,10,1.19,1.0,1.0,9.0,220521,758000
23,브레이크 브라켓 2공정,default,SKD11,800000,265685,0.332,0.138,0.136,-0.0152,5,1.08,1.0,1.0,5.2,416815,682500
23,브레이크 브라켓 2공정,default,SKD11,800000,289644,0.362,0.079,0.101,0.0019,5,1.02,1.0,1.0,4.4,356356,646000
23,브레이크 브라켓 2공정,default,SKD11,800000,656446,0.821,0.946,0.641,0.1908,10,1.06,1.0,1.0,8.8,19054,675500
23,브레이크 브라켓 2공정,default,SKD11,800000,729804,0.912,1.029,0.666,0.2103,9,1.13,1.0,1.0,9.8,0,717000
23,브레이크 브라켓 2공정,default,SKD11,800000,591846,0.74,0.717,0.36,0.1575,8,1.03,1.0,1.0,9.9,65154,657000
24,연료탱크 밴드 금형,default,SKD11,1000000,104129,0.104,0.252,0.33,-0.0277,3,1.09,1.0,1.0,3.0,764371,868500
24,연료탱크 밴드 금형,default,SKD11,1000000,534596,0.535,0.111,0.11,0.0107,3,0.95,1.0,1.0,7.3,224404,759000
24,연료탱크 밴드 금형,default,SKD11,1000000,400348,0.4,0.139,0.122,0.0102,3,1.06,1.0,1.0,7.9,449152,849500
24,연료탱크 밴드 금형,default,SKD11,1000000,950889,0.951,3.75,2.49,0.5463,7,0.83,1.0,1.0,12.1,0,654000
24,연료탱크 밴드 금형,default,SKD11,1000000,415356,0.415,0.124,0.076,0.0045,3,0.72,1.0,1.0,5.8,155144,570500
24,연료탱크 밴드 금형,default,SKD11,1000000,792527,0.793,0.763,0.488,0.201,8,1.06,1.0,1.0,6.7,55473,848000
24,연료탱크 밴드 금형,default,SKD11,1000000,883989,0.884,3.502,2.364,0.5201,6,0.78,1.0,1.0,13.7,0,621000
24,연료탱크 밴드 금형,default,SKD11,1000000,704297,0.704,0.142,0.107,0.0073,7,1.21,1.0,1.0,2.7,253203,957500
24,연료탱크 밴드 금형,default,SKD11,1000000,771519,0.772,0.055,0.089,-0.0187,8,1.2,1.0,1.0,7.5,177481,949000
24,연료탱크 밴드 금형,default,SKD11,1000000,949410,0.949,1.022,0.641,0.2113,11,1.2,1.0,1.0,7.4,8090,957500
24,연료탱크 밴드 금형,default,SKD11,1000000,801638,0.802,3.064,2.043,0.4587,4,0.73,1.0,1.0,11.6,0,582500
24,연료탱크 밴드 금형,default,SKD11,1000000,508513,0.509,0.051,0.126,-0.0057,3,0.95,1.0,1.0,3.0,248487,757000
24,연료탱크 밴드 금형,default,SKD11,1000000,296674,0.297,0.093,0.123,-0.0123,3,1.29,1.0,1.0,6.8,721826,1018500
24,연료탱크 밴드 금형,default,SKD11,1000000,178069,0.178,0.138,0.203,-0.0265,0,0.99,1.0,1.0,5.2,603931,782000
24,연료탱크 밴드 금형,default,SKD11,1000000,968453,0.968,3.033,2.047,0.4402,9,0.89,1.0,1.0,12.7,0,706500
24,연료탱크 밴드 금형,default,SKD11,1000000,126589,0.127,0.174,0.245,-0.0254,2,0.99,1.0,1.0,4.7,656911,783500
24,연료탱크 밴드 금형,default,SKD11,1000000,487535,0.488,0.094,0.089,-0.0071,4,0.89,1.0,1.0,4.8,223465,711000
24,연료탱크 밴드 금형,default,SKD11,1000000,1047181,1.047,2.514,1.739,0.349,8,1.0,1.0,1.0,12.0,0,795000
24,연료탱크 밴드 금형,default,SKD11,1000000,661263,0.661,0.022,0.092,-0.0129,10,1.3,1.0,1.0,4.3,370737,1032000
24,연료탱크 밴드 금형,default,SKD11,1000000,572095,0.572,0.686,0.211,0.1167,2,0.85,1.0,1.0,8.3,99905,672000
25,구형 사이드패널 1공정,default,SKD11,500000,380048,0.76,1.598,1.143,0.2037,6,0.83,1.0,1.0,8.6,0,328500
25,구형 사이드패널 1공정,default,SKD11,500000,458314,0.917,2.868,1.922,0.4111,7,0.86,1.0,1.0,16.7,0,339500
25,구형 사이드패널 1공정,default,SKD11,500000,387434,0.775,0.831,0.486,0.2077,10,1.04,1.0,1.0,8.1,21566,409000
25,구형 사이드패널 1공정,default,SKD11,500000,253677,0.507,0.072,0.101,-0.0305,8,1.3,1.0,1.0,4.8,258323,512000
25,구형 사이드패널 1공정,default,SKD11,500000,316510,0.633,1.273,0.925,0.1512,2,0.75,1.0,1.0,6.8,0,297500
25,구형 사이드패널 1공정,default,SKD11,500000,407162,0.814,4.006,2.616,0.6073,6,0.7,1.0,1.0,13.5,0,280500
25,구형 사이드패널 1공정,default,SKD11,500000,104580,0.209,0.131,0.173,-0.0184,3,1.12,1.0,1.0,5.0,339920,444500
25,구형 사이드패널 1공정,default,SKD11,500000,369995,0.74,0.623,0.21,0.1013,7,1.1,1.0,1.0,3.9,67005,437000
25,구형 사이드패널 1공정,default,SKD11,500000,503197,1.006,1.135,0.828,0.1309,10,1.21,1.0,1.0,8.4,0,482000
25,구형 사이드패널 1공정,default,SKD11,500000,133746,0.267,0.124,0.127,-0.0147,2,1.26,1.0,1.0,2.6,367754,501500
25,구형 사이드패널 1공정,default,SKD11,500000,352586,0.705,1.351,1.028,0.1602,7,0.79,1.0,1.0,8.4,0,314500
25,구형 사이드패널 1공정,default,SKD11,500000,220067,0.44,0.072,0.103,-0.0166,4,0.85,1.0,1.0,10.4,117933,338000
25,구형 사이드패널 1공정,default,SKD11,500000,508406,1.017,3.451,2.297,0.5001,11,0.91,1.0,1.0,18.3,0,361500
25,구형 사이드패널 1공정,default,SKD11,500000,339361,0.679,0.733,0.46,0.1838,6,0.91,1.0,1.0,7.9,23139,362500
25,구형 사이드패널 1공정,default,SKD11,500000,475429,0.951,2.081,1.469,0.2945,8,0.96,1.0,1.0,14.2,0,381500
25,구형 사이드패널 1공정,default,SKD11,500000,211478,0.423,0.13,0.111,-0.0092,3,1.15,1.0,1.0,6.8,247022,458500
25,구형 사이드패널 1공정,default,SKD11,500000,386020,0.772,1.326,0.932,0.1753,5,0.89,1.0,1.0,9.9,0,354000
25,구형 사이드패널 1공정,default,SKD11,500000,455710,0.911,5.728,3.653,0.9074,8,0.73,1.0,1.0,19.1,0,289000
25,구형 사이드패널 1공정,default,SKD11,500000,390988,0.782,0.157,0.084,0.0219,11,1.28,1.0,1.0,7.2,118512,509500
25,구형 사이드패널 1공정,default,SKD11,500000,342338,0.685,0.078,0.13,-0.0012,7,1.28,1.0,1.0,4.9,168662,511000
26,구형 사이드패널 2공정,default,SKD11,500000,452800,0.906,1.709,1.218,0.2389,6,0.96,1.0,1.0,7.8,0,379000
26,구형 사이드패널 2공정,default,SKD11,500000,235960,0.472,0.024,0.116,-0.033,5,0.89,1.0,1.0,10.9,117040,353000
26,구형 사이드패널 2공정,default,SKD11,500000,481821,0.964,3.45,2.338,0.5004,10,0.85,1.0,1.0,12.3,0,340500
26,구형 사이드패널 2공정,default,SKD11,500000,497497,0.995,3.276,2.171,0.4801,9,0.9,1.0,1.0,13.3,0,358000
26,구형 사이드패널 2공정,default,SKD11,500000,204101,0.408,0.117,0.129,-0.0008,4,1.11,1.0,1.0,0.0,236899,441000
26,구형 사이드패널 2공정,default,SKD11,500000,350136,0.7,0.648,0.215,0.1049,8,1.04,1.0,1.0,4.8,62864,413000
26,구형 사이드패널 2공정,default,SKD11,500000,429235,0.858,3.85,2.552,0.576,7,0.74,1.0,1.0,14.9,0,295000
26,구형 사이드패널 2공정,default,SKD11,500000,28479,0.057,0.397,0.431,-0.0187,0,0.87,1.0,1.0,6.0,315021,343500
26,구형 사이드패널 2공정,default,SKD11,500000,224726,0.449,0.108,0.096,-0.006,3,0.78,1.0,1.0,6.7,86274,311000
26,구형 사이드패널 2공정,default,SKD11,500000,392142,0.784,2.248,1.583,0.3024,7,0.77,1.0,1.0,11.7,0,308500
26,구형 사이드패널 2공정,default,SKD11,500000,461517,0.923,2.387,1.673,0.3289,6,0.89,1.0,1.0,7.8,0,356000
26,구형 사이드패널 2공정,default,SKD11,500000,513074,1.026,5.346,3.392,0.8553,6,0.83,1.0,1.0,23.0,0,332000
26,구형 사이드패널 2공정,default,SKD11,500000,280140,0.56,0.176,0.136,0.0339,4,1.01,1.0,1.0,2.7,123360,403500
26,구형 사이드패널 2공정,default,SKD11,500000,134210,0.268,0.09,0.16,-0.0096,4,1.0,1.0,1.0,5.8,265790,400000
26,구형 사이드패널 2공정,default,SKD11,500000,36144,0.072,0.413,0.47,-0.0269,0,1.25,1.0,1.0,3.8,460356,496500
26,구형 사이드패널 2공정,default,SKD11,500000,297931,0.596,1.031,0.67,0.2183,2,0.73,1.0,1.0,9.7,0,292500
26,구형 사이드패널 2공정,default,SKD11,500000,262763,0.526,0.072,0.098,-0.0012,4,0.98,1.0,1.0,5.7,128237,391000
26,구형 사이드패널 2공정,default,SKD11,500000,79818,0.16,0.255,0.25,-0.0144,0,1.27,1.0,1.0,2.4,426182,506000
26,구형 사이드패널 2공정,default,SKD11,500000,324574,0.649,0.095,0.093,0.0043,9,1.3,1.0,1.0,8.2,189926,514500
26,구형 사이드패널 2공정,default,SKD11,500000,371264,0.743,0.807,0.332,0.2009,8,1.02,1.0,1.0,4.3,36736,408000
27,신규 EV 배터리 트레이,default,SKD61,600000,372270,0.62,0.11,0.113,-0.004,6,1.23,1.15,1.0,7.9,306730,679000
27,신규 EV 배터리 트레이,default,SKD61,600000,333574,0.556,0.099,0.088,0.0034,3,1.03,1.15,1.0,4.0,229926,563500
27,신규 EV 배터리 트레이,default,SKD61,600000,79297,0.132,0.341,0.347,-0.0114,1,1.25,1.15,1.0,5.1,609703,689000
27,신규 EV 배터리 트레이,default,SKD61,600000,549238,0.915,1.449,1.052,0.185,8,0.87,1.15,1.0,10.2,0,479500
27,신규 EV 배터리 트레이,default,SKD61,600000,448667,0.748,1.032,0.678,0.21,4,0.8,1.15,1.0,8.0,0,439500
27,신규 EV 배터리 트레이,default,SKD61,600000,234246,0.39,0.045,0.087,0.0016,1,0.98,1.15,1.0,0.0,302754,537000
27,신규 EV 배터리 트레이,default,SKD61,600000,356920,0.595,0.097,0.102,-0.0034,9,1.29,1.15,1.0,5.5,351080,708000
27,신규 EV 배터리 트레이,default,SKD61,600000,168370,0.281,0.105,0.138,-0.0155,4,1.03,1.15,1.0,4.3,395630,564000
27,신규 EV 배터리 트레이,default,SKD61,600000,552721,0.921,2.905,2.023,0.4028,4,0.74,1.15,1.0,11.4,0,406500
27,신규 EV 배터리 트레이,default,SKD61,600000,162403,0.271,0.141,0.112,0.0058,2,0.77,1.15,1.0,4.3,258597,421000
27,신규 EV 배터리 트레이,default,SKD61,600000,48611,0.081,0.38,0.409,-0.0029,0,0.97,1.15,1.0,3.0,484389,533000
27,신규 EV 배터리 트레이,default,SKD61,600000,595933,0.993,0.666,0.311,0.1769,14,1.22,1.15,1.0,6.6,71067,667000
27,신규 EV 배터리 트레이,default,SKD61,600000,506727,0.845,0.776,0.351,0.1754,8,1.05,1.15,1.0,7.9,70273,577000
27,신규 EV 배터리 트레이,default,SKD61,600000,141002,0.235,0.102,0.142,-0.016,1,0.92,1.15,1.0,2.4,363498,504500
27,신규 EV 배터리 트레이,default,SKD61,600000,515247,0.859,1.408,1.006,0.177,7,0.84,1.15,1.0,6.8,0,464000
27,신규 EV 배터리 트레이,default,SKD61,600000,46591,0.078,0.445,0.494,-0.0248,0,1.28,1.15,1.0,9.9,648909,695500
27,신규 EV 배터리 트레이,default,SKD61,600000,161868,0.27,0.129,0.151,-0.0269,1,1.26,1.15,1.0,5.1,527632,689500
27,신규 EV 배터리 트레이,default,SKD61,600000,509199,0.849,0.862,0.508,0.2207,9,0.98,1.15,1.0,8.4,27801,537000
27,신규 EV 배터리 트레이,default,SKD61,600000,481378,0.802,0.589,0.298,0.1592,8,1.0,1.15,1.0,7.1,66622,548000
27,신규 EV 배터리 트레이,default,SKD61,600000,511943,0.853,2.235,1.57,0.3032,5,0.73,1.15,1.0,15.3,0,403500
28,신규 EV 크로스멤버,default,SKD61,700000,602509,0.861,0.143,0.099,0.0095,10,1.26,1.15,1.0,5.7,203491,806000
28,신규 EV 크로스멤버,default,SKD61,700000,724732,1.035,3.484,2.332,0.5102,9,0.8,1.15,1.0,12.7,0,512000
28,신규 EV 크로스멤버,default,SKD61,700000,690341,0.986,1.835,1.256,0.2432,6,0.9,1.15,1.0,11.7,0,576000
28,신규 EV 크로스멤버,default,SKD61,700000,61636,0.088,0.253,0.311,-0.0283,2,0.89,1.15,1.0,1.1,510864,572500
28,신규 EV 크로스멤버,default,SKD61,700000,117272,0.168,0.174,0.216,-0.0196,1,0.87,1.15,1.0,10.2,433728,551000
28,신규 EV 크로스멤버,default,SKD61,700000,570088,0.814,1.012,0.684,0.2158,7,0.88,1.15,1.0,11.3,0,563000
28,신규 EV 크로스멤버,default,SKD61,700000,428830,0.613,0.146,0.108,0.0155,8,1.02,1.15,1.0,7.1,222170,651000
28,신규 EV 크로스멤버,default,SKD61,700000,594721,0.85,0.955,0.538,0.2294,6,0.96,1.15,1.0,6.6,21279,616000
28,신규 EV 크로스멤버,default,SKD61,700000,443323,0.633,0.115,0.078,0.0023,6,0.94,1.15,1.0,7.7,155677,599000
28,신규 EV 크로스멤버,default,SKD61,700000,608099,0.869,0.711,0.323,0.1698,9,1.07,1.15,1.0,5.2,75901,684000
28,신규 EV 크로스멤버,default,SKD61,700000,492167,0.703,0.121,0.104,-0.0064,7,1.12,1.15,1.0,4.5,226833,719000
28,신규 EV 크로스멤버,default,SKD61,700000,468087,0.669,0.134,0.133,0.0124,8,1.26,1.15,1.0,2.9,341413,809500
28,신규 EV 크로스멤버,default,SKD61,700000,682625,0.975,1.194,0.894,0.1646,10,1.0,1.15,1.0,7.4,0,636000
28,신규 EV 크로스멤버,default,SKD61,700000,99301,0.142,0.054,0.201,-0.0455,2,0.93,1.15,1.0,6.0,497699,597000
28,신규 EV 크로스멤버,default,SKD61,700000,662648,0.947,1.401,1.036,0.1857,6,0.91,1.15,1.0,11.0,0,585500
28,신규 EV 크로스멤버,default,SKD61,700000,206245,0.295,0.063,0.135,-0.0297,2,0.75,1.15,1.0,0.6,274755,481000
28,신규 EV 크로스멤버,default,SKD61,700000,229108,0.327,0.105,0.139,-0.0075,6,1.23,1.15,1.0,5.2,558892,788000
28,신규 EV 크로스멤버,default,SKD61,700000,612297,0.875,1.528,1.097,0.2126,7,0.83,1.15,1.0,9.0,0,530000
28,신규 EV 크로스멤버,default,SKD61,700000,179225,0.256,0.172,0.2,-0.0105,4,1.28,1.15,1.0,2.0,641275,820500
28,신규 EV 크로스멤버,default,SKD61,700000,448249,0.64,0.212,0.126,0.0251,5,1.24,1.15,1.0,4.9,340251,788500
