timestamp,value,label,anomaly_type,usl,lsl,nominal
2026-01-01 08:00:00,6.4156,normal,,6.8,6.2,6.5
2026-01-01 08:01:00,6.6218,normal,,6.8,6.2,6.5
2026-01-01 08:02:00,6.4802,normal,,6.8,6.2,6.5
2026-01-01 08:03:00,6.4816,normal,,6.8,6.2,6.5
2026-01-01 08:04:00,6.4741,normal,,6.8,6.2,6.5
2026-01-01 08:05:00,6.5051,normal,,6.8,6.2,6.5
2026-01-01 08:06:00,6.3613,normal,,6.8,6.2,6.5
2026-01-01 08:07:00,6.531,normal,,6.8,6.2,6.5
2026-01-01 08:08:00,6.6486,normal,,6.8,6.2,6.5
2026-01-01 08:09:00,6.5677,normal,,6.8,6.2,6.5
2026-01-01 08:10:00,6.6415,normal,,6.8,6.2,6.5
2026-01-01 08:11:00,6.5313,normal,,6.8,6.2,6.5
2026-01-01 08:12:00,6.6002,normal,,6.8,6.2,6.5
2026-01-01 08:13:00,6.5711,normal,,6.8,6.2,6.5
2026-01-01 08:14:00,6.5152,normal,,6.8,6.2,6.5
2026-01-01 08:15:00,6.5272,normal,,6.8,6.2,6.5
2026-01-01 08:16:00,6.5268,normal,,6.8,6.2,6.5
2026-01-01 08:17:00,6.3429,normal,,6.8,6.2,6.5
2026-01-01 08:18:00,6.6425,normal,,6.8,6.2,6.5
2026-01-01 08:19:00,6.5895,normal,,6.8,6.2,6.5
2026-01-01 08:20:00,6.6811,normal,,6.8,6.2,6.5
2026-01-01 08:21:00,6.3433,normal,,6.8,6.2,6.5
2026-01-01 08:22:00,6.5045,normal,,6.8,6.2,6.5
2026-01-01 08:23:00,6.4363,normal,,6.8,6.2,6.5
2026-01-01 08:24:00,6.6842,normal,,6.8,6.2,6.5
2026-01-01 08:25:00,6.4981,normal,,6.8,6.2,6.5
2026-01-01 08:26:00,6.5522,normal,,6.8,6.2,6.5
2026-01-01 08:27:00,6.5563,normal,,6.8,6.2,6.5
2026-01-01 08:28:00,6.4365,normal,,6.8,6.2,6.5
2026-01-01 08:29:00,6.4775,normal,,6.8,6.2,6.5
2026-01-01 08:30:00,6.5502,normal,,6.8,6.2,6.5
2026-01-01 08:31:00,6.497,normal,,6.8,6.2,6.5
2026-01-01 08:32:00,6.517,normal,,6.8,6.2,6.5
2026-01-01 08:33:00,6.6187,normal,,6.8,6.2,6.5
2026-01-01 08:34:00,6.6573,normal,,6.8,6.2,6.5
2026-01-01 08:35:00,6.5744,normal,,6.8,6.2,6.5
2026-01-01 08:36:00,6.4063,normal,,6.8,6.2,6.5
2026-01-01 08:37:00,6.5496,normal,,6.8,6.2,6.5
2026-01-01 08:38:00,6.4638,normal,,6.8,6.2,6.5
2026-01-01 08:39:00,6.6378,normal,,6.8,6.2,6.5
2026-01-01 08:40:00,6.412,normal,,6.8,6.2,6.5
2026-01-01 08:41:00,6.6253,normal,,6.8,6.2,6.5
2026-01-01 08:42:00,6.547,normal,,6.8,6.2,6.5
2026-01-01 08:43:00,6.542,normal,,6.8,6.2,6.5
2026-01-01 08:44:00,6.5768,normal,,6.8,6.2,6.5
2026-01-01 08:45:00,6.4256,normal,,6.8,6.2,6.5
2026-01-01 08:46:00,6.5251,normal,,6.8,6.2,6.5
2026-01-01 08:47:00,6.5161,normal,,6.8,6.2,6.5
2026-01-01 08:48:00,6.457,normal,,6.8,6.2,6.5
2026-01-01 08:49:00,6.4779,normal,,6.8,6.2,6.5
2026-01-01 08:50:00,6.6121,normal,,6.8,6.2,6.5
2026-01-01 08:51:00,6.2981,anomaly,nelson_rule5_2sigma,6.8,6.2,6.5
2026-01-01 08:52:00,6.6816,anomaly,nelson_rule5_2sigma,6.8,6.2,6.5
2026-01-01 08:53:00,6.3913,normal,,6.8,6.2,6.5
2026-01-01 08:54:00,6.7056,anomaly,nelson_rule5_2sigma,6.8,6.2,6.5
2026-01-01 08:55:00,6.2942,anomaly,nelson_rule5_2sigma,6.8,6.2,6.5
2026-01-01 08:56:00,6.5732,normal,,6.8,6.2,6.5
2026-01-01 08:57:00,6.3433,normal,,6.8,6.2,6.5
2026-01-01 08:58:00,6.487,normal,,6.8,6.2,6.5
2026-01-01 08:59:00,6.4179,normal,,6.8,6.2,6.5
2026-01-01 09:00:00,6.5971,normal,,6.8,6.2,6.5
2026-01-01 09:01:00,6.3774,normal,,6.8,6.2,6.5
2026-01-01 09:02:00,6.5901,normal,,6.8,6.2,6.5
2026-01-01 09:03:00,6.5259,normal,,6.8,6.2,6.5
2026-01-01 09:04:00,6.5238,normal,,6.8,6.2,6.5
2026-01-01 09:05:00,6.6478,normal,,6.8,6.2,6.5
2026-01-01 09:06:00,6.5425,normal,,6.8,6.2,6.5
2026-01-01 09:07:00,6.4594,normal,,6.8,6.2,6.5
2026-01-01 09:08:00,6.4709,normal,,6.8,6.2,6.5
2026-01-01 09:09:00,6.6896,normal,,6.8,6.2,6.5
2026-01-01 09:10:00,6.5255,normal,,6.8,6.2,6.5
2026-01-01 09:11:00,6.5281,normal,,6.8,6.2,6.5
2026-01-01 09:12:00,6.4669,normal,,6.8,6.2,6.5
2026-01-01 09:13:00,6.2642,normal,,6.8,6.2,6.5
2026-01-01 09:14:00,6.4969,normal,,6.8,6.2,6.5
2026-01-01 09:15:00,6.6321,normal,,6.8,6.2,6.5
2026-01-01 09:16:00,6.5109,normal,,6.8,6.2,6.5
2026-01-01 09:17:00,6.4733,normal,,6.8,6.2,6.5
2026-01-01 09:18:00,6.6412,normal,,6.8,6.2,6.5
2026-01-01 09:19:00,6.5068,normal,,6.8,6.2,6.5
2026-01-01 09:20:00,6.4396,normal,,6.8,6.2,6.5
2026-01-01 09:21:00,6.4916,normal,,6.8,6.2,6.5
2026-01-01 09:22:00,6.4541,normal,,6.8,6.2,6.5
2026-01-01 09:23:00,6.4478,normal,,6.8,6.2,6.5
2026-01-01 09:24:00,6.3432,normal,,6.8,6.2,6.5
2026-01-01 09:25:00,6.6221,normal,,6.8,6.2,6.5
2026-01-01 09:26:00,6.4719,normal,,6.8,6.2,6.5
2026-01-01 09:27:00,6.4177,normal,,6.8,6.2,6.5
2026-01-01 09:28:00,6.4602,normal,,6.8,6.2,6.5
2026-01-01 09:29:00,6.5423,normal,,6.8,6.2,6.5
2026-01-01 09:30:00,6.4163,normal,,6.8,6.2,6.5
2026-01-01 09:31:00,6.4281,normal,,6.8,6.2,6.5
2026-01-01 09:32:00,6.4696,normal,,6.8,6.2,6.5
2026-01-01 09:33:00,6.5532,normal,,6.8,6.2,6.5
2026-01-01 09:34:00,6.5246,normal,,6.8,6.2,6.5
2026-01-01 09:35:00,6.6029,normal,,6.8,6.2,6.5
2026-01-01 09:36:00,6.6556,normal,,6.8,6.2,6.5
2026-01-01 09:37:00,6.4144,normal,,6.8,6.2,6.5
2026-01-01 09:38:00,6.6125,normal,,6.8,6.2,6.5
2026-01-01 09:39:00,6.6024,normal,,6.8,6.2,6.5
2026-01-01 09:40:00,6.631,normal,,6.8,6.2,6.5
2026-01-01 09:41:00,6.5116,normal,,6.8,6.2,6.5
2026-01-01 09:42:00,6.4107,normal,,6.8,6.2,6.5
2026-01-01 09:43:00,6.3923,normal,,6.8,6.2,6.5
2026-01-01 09:44:00,6.4561,normal,,6.8,6.2,6.5
2026-01-01 09:45:00,6.4125,normal,,6.8,6.2,6.5
2026-01-01 09:46:00,6.4287,normal,,6.8,6.2,6.5
2026-01-01 09:47:00,6.4588,normal,,6.8,6.2,6.5
2026-01-01 09:48:00,6.5425,normal,,6.8,6.2,6.5
2026-01-01 09:49:00,6.4676,normal,,6.8,6.2,6.5
2026-01-01 09:50:00,6.6175,normal,,6.8,6.2,6.5
2026-01-01 09:51:00,6.29,normal,,6.8,6.2,6.5
2026-01-01 09:52:00,6.4402,normal,,6.8,6.2,6.5
2026-01-01 09:53:00,6.3624,normal,,6.8,6.2,6.5
2026-01-01 09:54:00,6.5856,normal,,6.8,6.2,6.5
2026-01-01 09:55:00,6.4407,normal,,6.8,6.2,6.5
2026-01-01 09:56:00,6.4965,normal,,6.8,6.2,6.5
2026-01-01 09:57:00,6.6494,normal,,6.8,6.2,6.5
2026-01-01 09:58:00,6.5973,normal,,6.8,6.2,6.5
2026-01-01 09:59:00,6.6036,normal,,6.8,6.2,6.5
2026-01-01 10:00:00,6.474,normal,,6.8,6.2,6.5
2026-01-01 10:01:00,6.5838,normal,,6.8,6.2,6.5
2026-01-01 10:02:00,6.4563,normal,,6.8,6.2,6.5
2026-01-01 10:03:00,6.4401,normal,,6.8,6.2,6.5
2026-01-01 10:04:00,6.431,normal,,6.8,6.2,6.5
2026-01-01 10:05:00,6.5548,normal,,6.8,6.2,6.5
2026-01-01 10:06:00,6.457,normal,,6.8,6.2,6.5
2026-01-01 10:07:00,6.4492,normal,,6.8,6.2,6.5
2026-01-01 10:08:00,6.5772,normal,,6.8,6.2,6.5
2026-01-01 10:09:00,6.4698,normal,,6.8,6.2,6.5
2026-01-01 10:10:00,6.3843,normal,,6.8,6.2,6.5
2026-01-01 10:11:00,6.6451,normal,,6.8,6.2,6.5
2026-01-01 10:12:00,6.4058,normal,,6.8,6.2,6.5
2026-01-01 10:13:00,6.5519,normal,,6.8,6.2,6.5
2026-01-01 10:14:00,6.4337,normal,,6.8,6.2,6.5
2026-01-01 10:15:00,6.356,normal,,6.8,6.2,6.5
2026-01-01 10:16:00,6.6824,normal,,6.8,6.2,6.5
2026-01-01 10:17:00,6.4583,normal,,6.8,6.2,6.5
2026-01-01 10:18:00,6.5656,normal,,6.8,6.2,6.5
2026-01-01 10:19:00,6.4712,normal,,6.8,6.2,6.5
2026-01-01 10:20:00,6.5203,normal,,6.8,6.2,6.5
2026-01-01 10:21:00,6.3222,normal,,6.8,6.2,6.5
2026-01-01 10:22:00,6.4982,normal,,6.8,6.2,6.5
2026-01-01 10:23:00,6.677,normal,,6.8,6.2,6.5
2026-01-01 10:24:00,6.5238,normal,,6.8,6.2,6.5
2026-01-01 10:25:00,6.421,normal,,6.8,6.2,6.5
2026-01-01 10:26:00,6.3932,normal,,6.8,6.2,6.5
2026-01-01 10:27:00,6.4321,normal,,6.8,6.2,6.5
2026-01-01 10:28:00,6.6027,normal,,6.8,6.2,6.5
2026-01-01 10:29:00,6.3889,normal,,6.8,6.2,6.5
2026-01-01 10:30:00,6.499,normal,,6.8,6.2,6.5
2026-01-01 10:31:00,6.4371,normal,,6.8,6.2,6.5
2026-01-01 10:32:00,6.5497,normal,,6.8,6.2,6.5
2026-01-01 10:33:00,6.6767,normal,,6.8,6.2,6.5
2026-01-01 10:34:00,6.3568,normal,,6.8,6.2,6.5
2026-01-01 10:35:00,6.4905,normal,,6.8,6.2,6.5
2026-01-01 10:36:00,6.4478,normal,,6.8,6.2,6.5
2026-01-01 10:37:00,6.4099,normal,,6.8,6.2,6.5
2026-01-01 10:38:00,6.4601,normal,,6.8,6.2,6.5
2026-01-01 10:39:00,6.3749,normal,,6.8,6.2,6.5
2026-01-01 10:40:00,6.5558,normal,,6.8,6.2,6.5
2026-01-01 10:41:00,6.5065,normal,,6.8,6.2,6.5
2026-01-01 10:42:00,6.6702,normal,,6.8,6.2,6.5
2026-01-01 10:43:00,6.5027,normal,,6.8,6.2,6.5
2026-01-01 10:44:00,6.4669,normal,,6.8,6.2,6.5
2026-01-01 10:45:00,6.6132,normal,,6.8,6.2,6.5
2026-01-01 10:46:00,6.6001,normal,,6.8,6.2,6.5
2026-01-01 10:47:00,6.4278,normal,,6.8,6.2,6.5
2026-01-01 10:48:00,6.4792,normal,,6.8,6.2,6.5
2026-01-01 10:49:00,6.4042,normal,,6.8,6.2,6.5
2026-01-01 10:50:00,6.5914,normal,,6.8,6.2,6.5
2026-01-01 10:51:00,6.5851,normal,,6.8,6.2,6.5
2026-01-01 10:52:00,6.6148,normal,,6.8,6.2,6.5
2026-01-01 10:53:00,6.6291,normal,,6.8,6.2,6.5
2026-01-01 10:54:00,6.4775,normal,,6.8,6.2,6.5
2026-01-01 10:55:00,6.403,normal,,6.8,6.2,6.5
2026-01-01 10:56:00,6.5077,normal,,6.8,6.2,6.5
2026-01-01 10:57:00,6.5351,normal,,6.8,6.2,6.5
2026-01-01 10:58:00,6.4153,normal,,6.8,6.2,6.5
2026-01-01 10:59:00,6.5194,normal,,6.8,6.2,6.5
2026-01-01 11:00:00,6.3832,normal,,6.8,6.2,6.5
2026-01-01 11:01:00,6.3715,normal,,6.8,6.2,6.5
2026-01-01 11:02:00,6.4635,normal,,6.8,6.2,6.5
2026-01-01 11:03:00,6.4524,normal,,6.8,6.2,6.5
2026-01-01 11:04:00,6.5508,normal,,6.8,6.2,6.5
2026-01-01 11:05:00,6.4636,normal,,6.8,6.2,6.5
2026-01-01 11:06:00,6.4933,normal,,6.8,6.2,6.5
2026-01-01 11:07:00,6.5298,normal,,6.8,6.2,6.5
2026-01-01 11:08:00,6.5483,normal,,6.8,6.2,6.5
2026-01-01 11:09:00,6.3453,normal,,6.8,6.2,6.5
2026-01-01 11:10:00,6.4934,normal,,6.8,6.2,6.5
2026-01-01 11:11:00,6.4166,normal,,6.8,6.2,6.5
2026-01-01 11:12:00,6.5673,normal,,6.8,6.2,6.5
2026-01-01 11:13:00,6.5822,normal,,6.8,6.2,6.5
2026-01-01 11:14:00,6.3699,normal,,6.8,6.2,6.5
2026-01-01 11:15:00,6.4454,normal,,6.8,6.2,6.5
2026-01-01 11:16:00,6.4863,normal,,6.8,6.2,6.5
2026-01-01 11:17:00,6.4359,normal,,6.8,6.2,6.5
2026-01-01 11:18:00,6.4139,normal,,6.8,6.2,6.5
2026-01-01 11:19:00,6.504,normal,,6.8,6.2,6.5
2026-01-01 11:20:00,6.4169,normal,,6.8,6.2,6.5
2026-01-01 11:21:00,6.5459,normal,,6.8,6.2,6.5
2026-01-01 11:22:00,6.5051,normal,,6.8,6.2,6.5
2026-01-01 11:23:00,6.4817,normal,,6.8,6.2,6.5
2026-01-01 11:24:00,6.495,normal,,6.8,6.2,6.5
2026-01-01 11:25:00,6.5819,normal,,6.8,6.2,6.5
2026-01-01 11:26:00,6.6017,normal,,6.8,6.2,6.5
2026-01-01 11:27:00,6.5821,normal,,6.8,6.2,6.5
2026-01-01 11:28:00,6.4908,normal,,6.8,6.2,6.5
2026-01-01 11:29:00,6.609,normal,,6.8,6.2,6.5
2026-01-01 11:30:00,6.4855,normal,,6.8,6.2,6.5
2026-01-01 11:31:00,6.5653,normal,,6.8,6.2,6.5
2026-01-01 11:32:00,6.585,normal,,6.8,6.2,6.5
2026-01-01 11:33:00,6.5839,normal,,6.8,6.2,6.5
2026-01-01 11:34:00,6.5908,normal,,6.8,6.2,6.5
2026-01-01 11:35:00,6.4343,normal,,6.8,6.2,6.5
2026-01-01 11:36:00,6.5087,normal,,6.8,6.2,6.5
2026-01-01 11:37:00,6.4969,normal,,6.8,6.2,6.5
2026-01-01 11:38:00,6.573,normal,,6.8,6.2,6.5
2026-01-01 11:39:00,6.5452,normal,,6.8,6.2,6.5
2026-01-01 11:40:00,6.4882,normal,,6.8,6.2,6.5
2026-01-01 11:41:00,6.4452,normal,,6.8,6.2,6.5
2026-01-01 11:42:00,6.4932,normal,,6.8,6.2,6.5
2026-01-01 11:43:00,6.5549,normal,,6.8,6.2,6.5
2026-01-01 11:44:00,6.5144,normal,,6.8,6.2,6.5
2026-01-01 11:45:00,6.512,normal,,6.8,6.2,6.5
2026-01-01 11:46:00,6.5373,normal,,6.8,6.2,6.5
2026-01-01 11:47:00,6.4683,normal,,6.8,6.2,6.5
2026-01-01 11:48:00,6.3472,normal,,6.8,6.2,6.5
2026-01-01 11:49:00,6.5276,normal,,6.8,6.2,6.5
2026-01-01 11:50:00,6.42,normal,,6.8,6.2,6.5
2026-01-01 11:51:00,6.5713,normal,,6.8,6.2,6.5
2026-01-01 11:52:00,6.4562,normal,,6.8,6.2,6.5
2026-01-01 11:53:00,6.5775,normal,,6.8,6.2,6.5
2026-01-01 11:54:00,6.3615,normal,,6.8,6.2,6.5
2026-01-01 11:55:00,6.574,normal,,6.8,6.2,6.5
2026-01-01 11:56:00,6.6554,normal,,6.8,6.2,6.5
2026-01-01 11:57:00,6.2839,normal,,6.8,6.2,6.5
2026-01-01 11:58:00,6.4338,normal,,6.8,6.2,6.5
2026-01-01 11:59:00,6.3124,normal,,6.8,6.2,6.5
2026-01-01 12:00:00,6.5082,normal,,6.8,6.2,6.5
2026-01-01 12:01:00,6.494,normal,,6.8,6.2,6.5
2026-01-01 12:02:00,6.4654,normal,,6.8,6.2,6.5
2026-01-01 12:03:00,6.5912,normal,,6.8,6.2,6.5
2026-01-01 12:04:00,6.4947,normal,,6.8,6.2,6.5
2026-01-01 12:05:00,6.5489,normal,,6.8,6.2,6.5
2026-01-01 12:06:00,6.6215,normal,,6.8,6.2,6.5
2026-01-01 12:07:00,6.4934,normal,,6.8,6.2,6.5
2026-01-01 12:08:00,6.4885,normal,,6.8,6.2,6.5
2026-01-01 12:09:00,6.5267,normal,,6.8,6.2,6.5
2026-01-01 12:10:00,6.5299,normal,,6.8,6.2,6.5
2026-01-01 12:11:00,6.6068,normal,,6.8,6.2,6.5
2026-01-01 12:12:00,6.5825,normal,,6.8,6.2,6.5
2026-01-01 12:13:00,6.3667,normal,,6.8,6.2,6.5
2026-01-01 12:14:00,6.4921,normal,,6.8,6.2,6.5
2026-01-01 12:15:00,6.4796,normal,,6.8,6.2,6.5
2026-01-01 12:16:00,6.723,normal,,6.8,6.2,6.5
2026-01-01 12:17:00,6.5576,normal,,6.8,6.2,6.5
2026-01-01 12:18:00,6.5288,normal,,6.8,6.2,6.5
2026-01-01 12:19:00,6.6458,normal,,6.8,6.2,6.5
2026-01-01 12:20:00,6.3477,normal,,6.8,6.2,6.5
2026-01-01 12:21:00,6.5761,normal,,6.8,6.2,6.5
2026-01-01 12:22:00,6.4252,normal,,6.8,6.2,6.5
2026-01-01 12:23:00,6.4609,normal,,6.8,6.2,6.5
2026-01-01 12:24:00,6.4169,normal,,6.8,6.2,6.5
2026-01-01 12:25:00,6.5369,normal,,6.8,6.2,6.5
2026-01-01 12:26:00,6.5518,normal,,6.8,6.2,6.5
2026-01-01 12:27:00,6.5487,normal,,6.8,6.2,6.5
2026-01-01 12:28:00,6.4845,normal,,6.8,6.2,6.5
2026-01-01 12:29:00,6.5103,normal,,6.8,6.2,6.5
2026-01-01 12:30:00,6.5412,normal,,6.8,6.2,6.5
2026-01-01 12:31:00,6.5285,normal,,6.8,6.2,6.5
2026-01-01 12:32:00,6.4961,normal,,6.8,6.2,6.5
2026-01-01 12:33:00,6.5268,normal,,6.8,6.2,6.5
2026-01-01 12:34:00,6.5683,normal,,6.8,6.2,6.5
2026-01-01 12:35:00,6.5165,normal,,6.8,6.2,6.5
2026-01-01 12:36:00,6.6032,normal,,6.8,6.2,6.5
2026-01-01 12:37:00,6.4464,normal,,6.8,6.2,6.5
2026-01-01 12:38:00,6.4572,normal,,6.8,6.2,6.5
2026-01-01 12:39:00,6.5634,normal,,6.8,6.2,6.5
2026-01-01 12:40:00,6.4931,normal,,6.8,6.2,6.5
2026-01-01 12:41:00,6.4057,normal,,6.8,6.2,6.5
2026-01-01 12:42:00,6.4129,normal,,6.8,6.2,6.5
2026-01-01 12:43:00,6.5514,normal,,6.8,6.2,6.5
2026-01-01 12:44:00,6.5104,normal,,6.8,6.2,6.5
2026-01-01 12:45:00,6.4766,normal,,6.8,6.2,6.5
2026-01-01 12:46:00,6.5851,normal,,6.8,6.2,6.5
2026-01-01 12:47:00,6.4354,normal,,6.8,6.2,6.5
2026-01-01 12:48:00,6.5896,normal,,6.8,6.2,6.5
2026-01-01 12:49:00,6.4577,normal,,6.8,6.2,6.5
2026-01-01 12:50:00,6.6027,normal,,6.8,6.2,6.5
2026-01-01 12:51:00,6.312,normal,,6.8,6.2,6.5
2026-01-01 12:52:00,6.5698,normal,,6.8,6.2,6.5
2026-01-01 12:53:00,6.4857,normal,,6.8,6.2,6.5
2026-01-01 12:54:00,6.5637,normal,,6.8,6.2,6.5
2026-01-01 12:55:00,6.4988,normal,,6.8,6.2,6.5
2026-01-01 12:56:00,6.4424,normal,,6.8,6.2,6.5
2026-01-01 12:57:00,6.5213,normal,,6.8,6.2,6.5
2026-01-01 12:58:00,6.4555,normal,,6.8,6.2,6.5
2026-01-01 12:59:00,6.4385,normal,,6.8,6.2,6.5
2026-01-01 13:00:00,6.3244,normal,,6.8,6.2,6.5
2026-01-01 13:01:00,6.5399,normal,,6.8,6.2,6.5
2026-01-01 13:02:00,6.405,normal,,6.8,6.2,6.5
2026-01-01 13:03:00,6.4756,normal,,6.8,6.2,6.5
2026-01-01 13:04:00,6.3456,normal,,6.8,6.2,6.5
2026-01-01 13:05:00,6.5924,normal,,6.8,6.2,6.5
2026-01-01 13:06:00,6.509,normal,,6.8,6.2,6.5
2026-01-01 13:07:00,6.5129,normal,,6.8,6.2,6.5
2026-01-01 13:08:00,6.5505,normal,,6.8,6.2,6.5
2026-01-01 13:09:00,6.4965,normal,,6.8,6.2,6.5
2026-01-01 13:10:00,6.3698,normal,,6.8,6.2,6.5
2026-01-01 13:11:00,6.4851,normal,,6.8,6.2,6.5
2026-01-01 13:12:00,6.5471,normal,,6.8,6.2,6.5
2026-01-01 13:13:00,6.4055,normal,,6.8,6.2,6.5
2026-01-01 13:14:00,6.4424,normal,,6.8,6.2,6.5
2026-01-01 13:15:00,6.4677,normal,,6.8,6.2,6.5
2026-01-01 13:16:00,6.4606,normal,,6.8,6.2,6.5
2026-01-01 13:17:00,6.5081,normal,,6.8,6.2,6.5
2026-01-01 13:18:00,6.3927,normal,,6.8,6.2,6.5
2026-01-01 13:19:00,6.6564,normal,,6.8,6.2,6.5
2026-01-01 13:20:00,6.2963,normal,,6.8,6.2,6.5
2026-01-01 13:21:00,6.5178,normal,,6.8,6.2,6.5
2026-01-01 13:22:00,6.5802,normal,,6.8,6.2,6.5
2026-01-01 13:23:00,6.4987,normal,,6.8,6.2,6.5
2026-01-01 13:24:00,6.7156,normal,,6.8,6.2,6.5
2026-01-01 13:25:00,6.3664,normal,,6.8,6.2,6.5
2026-01-01 13:26:00,6.4972,normal,,6.8,6.2,6.5
2026-01-01 13:27:00,6.3258,normal,,6.8,6.2,6.5
2026-01-01 13:28:00,6.3784,normal,,6.8,6.2,6.5
2026-01-01 13:29:00,6.5268,normal,,6.8,6.2,6.5
2026-01-01 13:30:00,6.5818,normal,,6.8,6.2,6.5
2026-01-01 13:31:00,6.4916,normal,,6.8,6.2,6.5
2026-01-01 13:32:00,6.6144,normal,,6.8,6.2,6.5
2026-01-01 13:33:00,6.5297,normal,,6.8,6.2,6.5
2026-01-01 13:34:00,6.5573,normal,,6.8,6.2,6.5
2026-01-01 13:35:00,6.4419,normal,,6.8,6.2,6.5
2026-01-01 13:36:00,6.4182,normal,,6.8,6.2,6.5
2026-01-01 13:37:00,6.3412,normal,,6.8,6.2,6.5
2026-01-01 13:38:00,6.48,normal,,6.8,6.2,6.5
2026-01-01 13:39:00,6.4635,normal,,6.8,6.2,6.5
2026-01-01 13:40:00,6.5436,normal,,6.8,6.2,6.5
2026-01-01 13:41:00,6.4278,normal,,6.8,6.2,6.5
2026-01-01 13:42:00,6.5788,normal,,6.8,6.2,6.5
2026-01-01 13:43:00,6.4845,normal,,6.8,6.2,6.5
2026-01-01 13:44:00,6.607,normal,,6.8,6.2,6.5
2026-01-01 13:45:00,6.5315,normal,,6.8,6.2,6.5
2026-01-01 13:46:00,6.3854,normal,,6.8,6.2,6.5
2026-01-01 13:47:00,6.4503,normal,,6.8,6.2,6.5
2026-01-01 13:48:00,6.5425,normal,,6.8,6.2,6.5
2026-01-01 13:49:00,6.4001,normal,,6.8,6.2,6.5
2026-01-01 13:50:00,6.4215,normal,,6.8,6.2,6.5
2026-01-01 13:51:00,6.6247,normal,,6.8,6.2,6.5
2026-01-01 13:52:00,6.5708,normal,,6.8,6.2,6.5
2026-01-01 13:53:00,6.4749,normal,,6.8,6.2,6.5
2026-01-01 13:54:00,6.4135,normal,,6.8,6.2,6.5
2026-01-01 13:55:00,6.6097,normal,,6.8,6.2,6.5
2026-01-01 13:56:00,6.5198,normal,,6.8,6.2,6.5
2026-01-01 13:57:00,6.6121,normal,,6.8,6.2,6.5
2026-01-01 13:58:00,6.4781,normal,,6.8,6.2,6.5
2026-01-01 13:59:00,6.4616,normal,,6.8,6.2,6.5
2026-01-01 14:00:00,6.5229,normal,,6.8,6.2,6.5
2026-01-01 14:01:00,6.6269,normal,,6.8,6.2,6.5
2026-01-01 14:02:00,6.5761,normal,,6.8,6.2,6.5
2026-01-01 14:03:00,6.5758,normal,,6.8,6.2,6.5
2026-01-01 14:04:00,6.6639,normal,,6.8,6.2,6.5
2026-01-01 14:05:00,6.4159,normal,,6.8,6.2,6.5
2026-01-01 14:06:00,6.4323,normal,,6.8,6.2,6.5
2026-01-01 14:07:00,6.5263,normal,,6.8,6.2,6.5
2026-01-01 14:08:00,6.521,normal,,6.8,6.2,6.5
2026-01-01 14:09:00,6.555,normal,,6.8,6.2,6.5
2026-01-01 14:10:00,6.5289,normal,,6.8,6.2,6.5
2026-01-01 14:11:00,6.4565,normal,,6.8,6.2,6.5
2026-01-01 14:12:00,6.4547,normal,,6.8,6.2,6.5
2026-01-01 14:13:00,6.5048,normal,,6.8,6.2,6.5
2026-01-01 14:14:00,6.5202,normal,,6.8,6.2,6.5
2026-01-01 14:15:00,6.4538,normal,,6.8,6.2,6.5
2026-01-01 14:16:00,6.4291,normal,,6.8,6.2,6.5
2026-01-01 14:17:00,6.5476,normal,,6.8,6.2,6.5
2026-01-01 14:18:00,6.4746,normal,,6.8,6.2,6.5
2026-01-01 14:19:00,6.4596,normal,,6.8,6.2,6.5
2026-01-01 14:20:00,6.5598,normal,,6.8,6.2,6.5
2026-01-01 14:21:00,6.5647,normal,,6.8,6.2,6.5
2026-01-01 14:22:00,6.4608,normal,,6.8,6.2,6.5
2026-01-01 14:23:00,6.5062,normal,,6.8,6.2,6.5
2026-01-01 14:24:00,6.4244,normal,,6.8,6.2,6.5
2026-01-01 14:25:00,6.6613,normal,,6.8,6.2,6.5
2026-01-01 14:26:00,6.5685,normal,,6.8,6.2,6.5
2026-01-01 14:27:00,6.5849,normal,,6.8,6.2,6.5
2026-01-01 14:28:00,6.3841,normal,,6.8,6.2,6.5
2026-01-01 14:29:00,6.3242,normal,,6.8,6.2,6.5
2026-01-01 14:30:00,6.4735,normal,,6.8,6.2,6.5
2026-01-01 14:31:00,6.4596,normal,,6.8,6.2,6.5
2026-01-01 14:32:00,6.539,normal,,6.8,6.2,6.5
2026-01-01 14:33:00,6.5618,normal,,6.8,6.2,6.5
2026-01-01 14:34:00,6.614,normal,,6.8,6.2,6.5
2026-01-01 14:35:00,6.4362,normal,,6.8,6.2,6.5
2026-01-01 14:36:00,6.415,normal,,6.8,6.2,6.5
2026-01-01 14:37:00,6.3974,normal,,6.8,6.2,6.5
2026-01-01 14:38:00,6.5584,normal,,6.8,6.2,6.5
2026-01-01 14:39:00,6.5513,normal,,6.8,6.2,6.5
2026-01-01 14:40:00,6.4725,normal,,6.8,6.2,6.5
2026-01-01 14:41:00,6.812,normal,,6.8,6.2,6.5
2026-01-01 14:42:00,6.4535,normal,,6.8,6.2,6.5
2026-01-01 14:43:00,6.4081,normal,,6.8,6.2,6.5
2026-01-01 14:44:00,6.5116,normal,,6.8,6.2,6.5
2026-01-01 14:45:00,6.3934,normal,,6.8,6.2,6.5
2026-01-01 14:46:00,6.5013,normal,,6.8,6.2,6.5
2026-01-01 14:47:00,6.4181,normal,,6.8,6.2,6.5
2026-01-01 14:48:00,6.6169,normal,,6.8,6.2,6.5
2026-01-01 14:49:00,6.5033,normal,,6.8,6.2,6.5
2026-01-01 14:50:00,6.5532,normal,,6.8,6.2,6.5
2026-01-01 14:51:00,6.3544,normal,,6.8,6.2,6.5
2026-01-01 14:52:00,6.3402,normal,,6.8,6.2,6.5
2026-01-01 14:53:00,6.5248,normal,,6.8,6.2,6.5
2026-01-01 14:54:00,6.5026,normal,,6.8,6.2,6.5
2026-01-01 14:55:00,6.3591,normal,,6.8,6.2,6.5
2026-01-01 14:56:00,6.5032,normal,,6.8,6.2,6.5
2026-01-01 14:57:00,6.5781,normal,,6.8,6.2,6.5
2026-01-01 14:58:00,6.5141,normal,,6.8,6.2,6.5
2026-01-01 14:59:00,6.6015,normal,,6.8,6.2,6.5
2026-01-01 15:00:00,6.5743,normal,,6.8,6.2,6.5
2026-01-01 15:01:00,6.5005,normal,,6.8,6.2,6.5
2026-01-01 15:02:00,6.5587,normal,,6.8,6.2,6.5
2026-01-01 15:03:00,6.5539,normal,,6.8,6.2,6.5
2026-01-01 15:04:00,6.6044,normal,,6.8,6.2,6.5
2026-01-01 15:05:00,6.5244,normal,,6.8,6.2,6.5
2026-01-01 15:06:00,6.5739,normal,,6.8,6.2,6.5
2026-01-01 15:07:00,6.5271,normal,,6.8,6.2,6.5
2026-01-01 15:08:00,6.4867,normal,,6.8,6.2,6.5
2026-01-01 15:09:00,6.5204,normal,,6.8,6.2,6.5
2026-01-01 15:10:00,6.5276,normal,,6.8,6.2,6.5
2026-01-01 15:11:00,6.4023,normal,,6.8,6.2,6.5
2026-01-01 15:12:00,6.5028,normal,,6.8,6.2,6.5
2026-01-01 15:13:00,6.4441,normal,,6.8,6.2,6.5
2026-01-01 15:14:00,6.4184,normal,,6.8,6.2,6.5
2026-01-01 15:15:00,6.5634,normal,,6.8,6.2,6.5
2026-01-01 15:16:00,6.4119,normal,,6.8,6.2,6.5
2026-01-01 15:17:00,6.3904,normal,,6.8,6.2,6.5
2026-01-01 15:18:00,6.3203,normal,,6.8,6.2,6.5
2026-01-01 15:19:00,6.5392,normal,,6.8,6.2,6.5
2026-01-01 15:20:00,6.4507,normal,,6.8,6.2,6.5
2026-01-01 15:21:00,6.4334,normal,,6.8,6.2,6.5
2026-01-01 15:22:00,6.4373,normal,,6.8,6.2,6.5
2026-01-01 15:23:00,6.6224,normal,,6.8,6.2,6.5
2026-01-01 15:24:00,6.419,normal,,6.8,6.2,6.5
2026-01-01 15:25:00,6.5017,normal,,6.8,6.2,6.5
2026-01-01 15:26:00,6.4924,normal,,6.8,6.2,6.5
2026-01-01 15:27:00,6.5936,normal,,6.8,6.2,6.5
2026-01-01 15:28:00,6.4345,normal,,6.8,6.2,6.5
2026-01-01 15:29:00,6.5282,normal,,6.8,6.2,6.5
2026-01-01 15:30:00,6.594,normal,,6.8,6.2,6.5
2026-01-01 15:31:00,6.4521,normal,,6.8,6.2,6.5
2026-01-01 15:32:00,6.4541,normal,,6.8,6.2,6.5
2026-01-01 15:33:00,6.5549,normal,,6.8,6.2,6.5
2026-01-01 15:34:00,6.5785,normal,,6.8,6.2,6.5
2026-01-01 15:35:00,6.3816,normal,,6.8,6.2,6.5
2026-01-01 15:36:00,6.5853,normal,,6.8,6.2,6.5
2026-01-01 15:37:00,6.3999,normal,,6.8,6.2,6.5
2026-01-01 15:38:00,6.4445,normal,,6.8,6.2,6.5
2026-01-01 15:39:00,6.5346,normal,,6.8,6.2,6.5
2026-01-01 15:40:00,6.6586,normal,,6.8,6.2,6.5
2026-01-01 15:41:00,6.612,normal,,6.8,6.2,6.5
2026-01-01 15:42:00,6.4635,normal,,6.8,6.2,6.5
2026-01-01 15:43:00,6.4833,normal,,6.8,6.2,6.5
2026-01-01 15:44:00,6.3859,normal,,6.8,6.2,6.5
2026-01-01 15:45:00,6.2774,normal,,6.8,6.2,6.5
2026-01-01 15:46:00,6.6014,normal,,6.8,6.2,6.5
2026-01-01 15:47:00,6.5296,normal,,6.8,6.2,6.5
2026-01-01 15:48:00,6.4696,normal,,6.8,6.2,6.5
2026-01-01 15:49:00,6.5368,normal,,6.8,6.2,6.5
2026-01-01 15:50:00,6.5148,normal,,6.8,6.2,6.5
2026-01-01 15:51:00,6.5081,normal,,6.8,6.2,6.5
2026-01-01 15:52:00,6.4229,normal,,6.8,6.2,6.5
2026-01-01 15:53:00,6.3834,normal,,6.8,6.2,6.5
2026-01-01 15:54:00,6.5943,normal,,6.8,6.2,6.5
2026-01-01 15:55:00,6.6499,normal,,6.8,6.2,6.5
2026-01-01 15:56:00,6.4943,normal,,6.8,6.2,6.5
2026-01-01 15:57:00,6.4842,normal,,6.8,6.2,6.5
2026-01-01 15:58:00,6.4582,normal,,6.8,6.2,6.5
2026-01-01 15:59:00,6.4298,normal,,6.8,6.2,6.5
2026-01-01 16:00:00,6.566,normal,,6.8,6.2,6.5
2026-01-01 16:01:00,6.5278,normal,,6.8,6.2,6.5
2026-01-01 16:02:00,6.4489,normal,,6.8,6.2,6.5
2026-01-01 16:03:00,6.5015,normal,,6.8,6.2,6.5
2026-01-01 16:04:00,6.4401,normal,,6.8,6.2,6.5
2026-01-01 16:05:00,6.4431,normal,,6.8,6.2,6.5
2026-01-01 16:06:00,6.6357,normal,,6.8,6.2,6.5
2026-01-01 16:07:00,6.6139,normal,,6.8,6.2,6.5
2026-01-01 16:08:00,6.4675,normal,,6.8,6.2,6.5
2026-01-01 16:09:00,6.5402,normal,,6.8,6.2,6.5
2026-01-01 16:10:00,6.5016,normal,,6.8,6.2,6.5
2026-01-01 16:11:00,6.4225,normal,,6.8,6.2,6.5
2026-01-01 16:12:00,6.5234,normal,,6.8,6.2,6.5
2026-01-01 16:13:00,6.553,normal,,6.8,6.2,6.5
2026-01-01 16:14:00,6.4268,normal,,6.8,6.2,6.5
2026-01-01 16:15:00,6.4874,normal,,6.8,6.2,6.5
2026-01-01 16:16:00,6.2883,normal,,6.8,6.2,6.5
2026-01-01 16:17:00,6.4213,normal,,6.8,6.2,6.5
2026-01-01 16:18:00,6.5336,normal,,6.8,6.2,6.5
2026-01-01 16:19:00,6.4932,normal,,6.8,6.2,6.5
2026-01-01 16:20:00,6.4397,normal,,6.8,6.2,6.5
2026-01-01 16:21:00,6.4042,normal,,6.8,6.2,6.5
2026-01-01 16:22:00,6.4408,normal,,6.8,6.2,6.5
2026-01-01 16:23:00,6.4603,normal,,6.8,6.2,6.5
2026-01-01 16:24:00,6.5266,normal,,6.8,6.2,6.5
2026-01-01 16:25:00,6.4279,normal,,6.8,6.2,6.5
2026-01-01 16:26:00,6.5339,normal,,6.8,6.2,6.5
2026-01-01 16:27:00,6.4791,normal,,6.8,6.2,6.5
2026-01-01 16:28:00,6.5943,normal,,6.8,6.2,6.5
2026-01-01 16:29:00,6.4246,normal,,6.8,6.2,6.5
2026-01-01 16:30:00,6.5953,normal,,6.8,6.2,6.5
2026-01-01 16:31:00,6.4411,normal,,6.8,6.2,6.5
2026-01-01 16:32:00,6.649,normal,,6.8,6.2,6.5
2026-01-01 16:33:00,6.4181,normal,,6.8,6.2,6.5
2026-01-01 16:34:00,6.4371,normal,,6.8,6.2,6.5
2026-01-01 16:35:00,6.4308,normal,,6.8,6.2,6.5
2026-01-01 16:36:00,6.5318,normal,,6.8,6.2,6.5
2026-01-01 16:37:00,6.5134,normal,,6.8,6.2,6.5
2026-01-01 16:38:00,6.5635,normal,,6.8,6.2,6.5
2026-01-01 16:39:00,6.5282,normal,,6.8,6.2,6.5
2026-01-01 16:40:00,6.5897,normal,,6.8,6.2,6.5
2026-01-01 16:41:00,6.616,normal,,6.8,6.2,6.5
2026-01-01 16:42:00,6.5657,normal,,6.8,6.2,6.5
2026-01-01 16:43:00,6.5208,normal,,6.8,6.2,6.5
2026-01-01 16:44:00,6.5005,normal,,6.8,6.2,6.5
2026-01-01 16:45:00,6.5184,normal,,6.8,6.2,6.5
2026-01-01 16:46:00,6.6559,normal,,6.8,6.2,6.5
2026-01-01 16:47:00,6.4896,normal,,6.8,6.2,6.5
2026-01-01 16:48:00,6.3854,normal,,6.8,6.2,6.5
2026-01-01 16:49:00,6.5282,normal,,6.8,6.2,6.5
2026-01-01 16:50:00,6.5924,normal,,6.8,6.2,6.5
2026-01-01 16:51:00,6.4432,normal,,6.8,6.2,6.5
2026-01-01 16:52:00,6.4205,normal,,6.8,6.2,6.5
2026-01-01 16:53:00,6.4849,normal,,6.8,6.2,6.5
2026-01-01 16:54:00,6.459,normal,,6.8,6.2,6.5
2026-01-01 16:55:00,6.5674,normal,,6.8,6.2,6.5
2026-01-01 16:56:00,6.4402,normal,,6.8,6.2,6.5
2026-01-01 16:57:00,6.467,normal,,6.8,6.2,6.5
2026-01-01 16:58:00,6.5375,normal,,6.8,6.2,6.5
2026-01-01 16:59:00,6.6749,normal,,6.8,6.2,6.5
2026-01-01 17:00:00,6.5101,normal,,6.8,6.2,6.5
2026-01-01 17:01:00,6.5179,normal,,6.8,6.2,6.5
2026-01-01 17:02:00,6.5125,normal,,6.8,6.2,6.5
2026-01-01 17:03:00,6.4836,normal,,6.8,6.2,6.5
2026-01-01 17:04:00,6.3994,normal,,6.8,6.2,6.5
2026-01-01 17:05:00,6.5104,normal,,6.8,6.2,6.5
2026-01-01 17:06:00,6.4516,normal,,6.8,6.2,6.5
2026-01-01 17:07:00,6.5313,normal,,6.8,6.2,6.5
2026-01-01 17:08:00,6.5685,normal,,6.8,6.2,6.5
2026-01-01 17:09:00,6.5321,normal,,6.8,6.2,6.5
2026-01-01 17:10:00,6.9826,anomaly,spike,6.8,6.2,6.5
2026-01-01 17:11:00,6.076,anomaly,spike,6.8,6.2,6.5
2026-01-01 17:12:00,6.5049,anomaly,cyclic_pattern,6.8,6.2,6.5
2026-01-01 17:13:00,6.5705,anomaly,cyclic_pattern,6.8,6.2,6.5
2026-01-01 17:14:00,6.5154,anomaly,cyclic_pattern,6.8,6.2,6.5
2026-01-01 17:15:00,6.6399,anomaly,cyclic_pattern,6.8,6.2,6.5
2026-01-01 17:16:00,6.5589,anomaly,cyclic_pattern,6.8,6.2,6.5
2026-01-01 17:17:00,6.6519,anomaly,cyclic_pattern,6.8,6.2,6.5
2026-01-01 17:18:00,6.6114,anomaly,cyclic_pattern,6.8,6.2,6.5
2026-01-01 17:19:00,6.6559,anomaly,cyclic_pattern,6.8,6.2,6.5
2026-01-01 17:20:00,6.7093,anomaly,cyclic_pattern,6.8,6.2,6.5
2026-01-01 17:21:00,6.6463,anomaly,cyclic_pattern,6.8,6.2,6.5
2026-01-01 17:22:00,6.6225,anomaly,cyclic_pattern,6.8,6.2,6.5
2026-01-01 17:23:00,6.6973,anomaly,cyclic_pattern,6.8,6.2,6.5
2026-01-01 17:24:00,6.6161,anomaly,cyclic_pattern,6.8,6.2,6.5
2026-01-01 17:25:00,6.6799,anomaly,cyclic_pattern,6.8,6.2,6.5
2026-01-01 17:26:00,6.6106,anomaly,cyclic_pattern,6.8,6.2,6.5
2026-01-01 17:27:00,6.6698,anomaly,cyclic_pattern,6.8,6.2,6.5
2026-01-01 17:28:00,6.6114,anomaly,cyclic_pattern,6.8,6.2,6.5
2026-01-01 17:29:00,6.5049,anomaly,cyclic_pattern,6.8,6.2,6.5
2026-01-01 17:30:00,6.5999,anomaly,cyclic_pattern,6.8,6.2,6.5
2026-01-01 17:31:00,6.5788,anomaly,cyclic_pattern,6.8,6.2,6.5
2026-01-01 17:32:00,6.4664,anomaly,cyclic_pattern,6.8,6.2,6.5
2026-01-01 17:33:00,6.3865,anomaly,cyclic_pattern,6.8,6.2,6.5
2026-01-01 17:34:00,6.4569,anomaly,cyclic_pattern,6.8,6.2,6.5
2026-01-01 17:35:00,6.4035,anomaly,cyclic_pattern,6.8,6.2,6.5
2026-01-01 17:36:00,6.3636,anomaly,cyclic_pattern,6.8,6.2,6.5
2026-01-01 17:37:00,6.4131,anomaly,cyclic_pattern,6.8,6.2,6.5
2026-01-01 17:38:00,6.3388,anomaly,cyclic_pattern,6.8,6.2,6.5
2026-01-01 17:39:00,6.2268,anomaly,cyclic_pattern,6.8,6.2,6.5
2026-01-01 17:40:00,6.3096,anomaly,cyclic_pattern,6.8,6.2,6.5
2026-01-01 17:41:00,6.3259,anomaly,cyclic_pattern,6.8,6.2,6.5
2026-01-01 17:42:00,6.3404,anomaly,cyclic_pattern,6.8,6.2,6.5
2026-01-01 17:43:00,6.3612,anomaly,cyclic_pattern,6.8,6.2,6.5
2026-01-01 17:44:00,6.3645,anomaly,cyclic_pattern,6.8,6.2,6.5
2026-01-01 17:45:00,6.3464,anomaly,cyclic_pattern,6.8,6.2,6.5
2026-01-01 17:46:00,6.3808,anomaly,cyclic_pattern,6.8,6.2,6.5
2026-01-01 17:47:00,6.3817,anomaly,cyclic_pattern,6.8,6.2,6.5
2026-01-01 17:48:00,6.4447,anomaly,cyclic_pattern,6.8,6.2,6.5
2026-01-01 17:49:00,6.4592,anomaly,cyclic_pattern,6.8,6.2,6.5
2026-01-01 17:50:00,6.3883,anomaly,cyclic_pattern,6.8,6.2,6.5
2026-01-01 17:51:00,6.525,anomaly,cyclic_pattern,6.8,6.2,6.5
2026-01-01 17:52:00,6.5653,anomaly,cyclic_pattern,6.8,6.2,6.5
2026-01-01 17:53:00,6.6328,anomaly,cyclic_pattern,6.8,6.2,6.5
2026-01-01 17:54:00,6.5881,anomaly,cyclic_pattern,6.8,6.2,6.5
2026-01-01 17:55:00,6.5907,anomaly,cyclic_pattern,6.8,6.2,6.5
2026-01-01 17:56:00,6.5781,anomaly,cyclic_pattern,6.8,6.2,6.5
2026-01-01 17:57:00,6.6428,anomaly,cyclic_pattern,6.8,6.2,6.5
2026-01-01 17:58:00,6.5831,anomaly,cyclic_pattern,6.8,6.2,6.5
2026-01-01 17:59:00,6.6722,anomaly,cyclic_pattern,6.8,6.2,6.5
2026-01-01 18:00:00,6.4706,normal,,6.8,6.2,6.5
2026-01-01 18:01:00,6.629,normal,,6.8,6.2,6.5
2026-01-01 18:02:00,6.3434,normal,,6.8,6.2,6.5
2026-01-01 18:03:00,6.4713,normal,,6.8,6.2,6.5
2026-01-01 18:04:00,6.4568,normal,,6.8,6.2,6.5
2026-01-01 18:05:00,6.3435,normal,,6.8,6.2,6.5
2026-01-01 18:06:00,6.5399,normal,,6.8,6.2,6.5
2026-01-01 18:07:00,6.4887,normal,,6.8,6.2,6.5
2026-01-01 18:08:00,6.5601,normal,,6.8,6.2,6.5
2026-01-01 18:09:00,6.5024,normal,,6.8,6.2,6.5
2026-01-01 18:10:00,6.4938,normal,,6.8,6.2,6.5
2026-01-01 18:11:00,6.5572,normal,,6.8,6.2,6.5
2026-01-01 18:12:00,6.4948,normal,,6.8,6.2,6.5
2026-01-01 18:13:00,6.5543,normal,,6.8,6.2,6.5
2026-01-01 18:14:00,6.4782,normal,,6.8,6.2,6.5
2026-01-01 18:15:00,6.5216,normal,,6.8,6.2,6.5
2026-01-01 18:16:00,6.5894,normal,,6.8,6.2,6.5
2026-01-01 18:17:00,6.5902,normal,,6.8,6.2,6.5
2026-01-01 18:18:00,6.6037,normal,,6.8,6.2,6.5
2026-01-01 18:19:00,6.4038,normal,,6.8,6.2,6.5
2026-01-01 18:20:00,6.4942,normal,,6.8,6.2,6.5
2026-01-01 18:21:00,6.4925,normal,,6.8,6.2,6.5
2026-01-01 18:22:00,6.6083,normal,,6.8,6.2,6.5
2026-01-01 18:23:00,6.6732,normal,,6.8,6.2,6.5
2026-01-01 18:24:00,6.5627,normal,,6.8,6.2,6.5
2026-01-01 18:25:00,6.5467,normal,,6.8,6.2,6.5
2026-01-01 18:26:00,6.5373,normal,,6.8,6.2,6.5
2026-01-01 18:27:00,6.4694,normal,,6.8,6.2,6.5
2026-01-01 18:28:00,6.5898,normal,,6.8,6.2,6.5
2026-01-01 18:29:00,6.567,normal,,6.8,6.2,6.5
2026-01-01 18:30:00,6.4684,normal,,6.8,6.2,6.5
2026-01-01 18:31:00,6.698,normal,,6.8,6.2,6.5
2026-01-01 18:32:00,6.4901,normal,,6.8,6.2,6.5
2026-01-01 18:33:00,6.5853,normal,,6.8,6.2,6.5
2026-01-01 18:34:00,6.5728,normal,,6.8,6.2,6.5
2026-01-01 18:35:00,6.3876,normal,,6.8,6.2,6.5
2026-01-01 18:36:00,6.6255,normal,,6.8,6.2,6.5
2026-01-01 18:37:00,6.4891,normal,,6.8,6.2,6.5
2026-01-01 18:38:00,6.5803,normal,,6.8,6.2,6.5
2026-01-01 18:39:00,6.4116,normal,,6.8,6.2,6.5
2026-01-01 18:40:00,6.5391,normal,,6.8,6.2,6.5
2026-01-01 18:41:00,6.3861,normal,,6.8,6.2,6.5
2026-01-01 18:42:00,6.5197,normal,,6.8,6.2,6.5
2026-01-01 18:43:00,6.4497,normal,,6.8,6.2,6.5
2026-01-01 18:44:00,6.5197,normal,,6.8,6.2,6.5
2026-01-01 18:45:00,6.53,normal,,6.8,6.2,6.5
2026-01-01 18:46:00,6.6439,normal,,6.8,6.2,6.5
2026-01-01 18:47:00,6.357,normal,,6.8,6.2,6.5
2026-01-01 18:48:00,6.5039,normal,,6.8,6.2,6.5
2026-01-01 18:49:00,6.4675,normal,,6.8,6.2,6.5
2026-01-01 18:50:00,6.6137,normal,,6.8,6.2,6.5
2026-01-01 18:51:00,6.5995,normal,,6.8,6.2,6.5
2026-01-01 18:52:00,6.4847,normal,,6.8,6.2,6.5
2026-01-01 18:53:00,6.5019,normal,,6.8,6.2,6.5
2026-01-01 18:54:00,6.5759,normal,,6.8,6.2,6.5
2026-01-01 18:55:00,6.5861,normal,,6.8,6.2,6.5
2026-01-01 18:56:00,6.5436,normal,,6.8,6.2,6.5
2026-01-01 18:57:00,6.5669,normal,,6.8,6.2,6.5
2026-01-01 18:58:00,6.4934,normal,,6.8,6.2,6.5
2026-01-01 18:59:00,6.4724,normal,,6.8,6.2,6.5
2026-01-01 19:00:00,6.5503,normal,,6.8,6.2,6.5
2026-01-01 19:01:00,6.3289,normal,,6.8,6.2,6.5
2026-01-01 19:02:00,6.5821,normal,,6.8,6.2,6.5
2026-01-01 19:03:00,6.56,normal,,6.8,6.2,6.5
2026-01-01 19:04:00,6.5294,normal,,6.8,6.2,6.5
2026-01-01 19:05:00,6.4195,normal,,6.8,6.2,6.5
2026-01-01 19:06:00,6.6161,normal,,6.8,6.2,6.5
2026-01-01 19:07:00,6.4282,normal,,6.8,6.2,6.5
2026-01-01 19:08:00,6.4453,normal,,6.8,6.2,6.5
2026-01-01 19:09:00,6.3603,normal,,6.8,6.2,6.5
2026-01-01 19:10:00,6.649,normal,,6.8,6.2,6.5
2026-01-01 19:11:00,6.6527,normal,,6.8,6.2,6.5
2026-01-01 19:12:00,6.4487,normal,,6.8,6.2,6.5
2026-01-01 19:13:00,6.5735,normal,,6.8,6.2,6.5
2026-01-01 19:14:00,6.5914,normal,,6.8,6.2,6.5
2026-01-01 19:15:00,6.4251,normal,,6.8,6.2,6.5
2026-01-01 19:16:00,6.355,normal,,6.8,6.2,6.5
2026-01-01 19:17:00,6.4127,normal,,6.8,6.2,6.5
2026-01-01 19:18:00,6.4294,normal,,6.8,6.2,6.5
2026-01-01 19:19:00,6.5298,normal,,6.8,6.2,6.5
2026-01-01 19:20:00,6.492,normal,,6.8,6.2,6.5
2026-01-01 19:21:00,6.4988,normal,,6.8,6.2,6.5
2026-01-01 19:22:00,6.5552,normal,,6.8,6.2,6.5
2026-01-01 19:23:00,6.5936,normal,,6.8,6.2,6.5
2026-01-01 19:24:00,6.4697,normal,,6.8,6.2,6.5
2026-01-01 19:25:00,6.3767,normal,,6.8,6.2,6.5
2026-01-01 19:26:00,6.5688,normal,,6.8,6.2,6.5
2026-01-01 19:27:00,6.6032,normal,,6.8,6.2,6.5
2026-01-01 19:28:00,6.3624,normal,,6.8,6.2,6.5
2026-01-01 19:29:00,6.5506,normal,,6.8,6.2,6.5
2026-01-01 19:30:00,6.4823,normal,,6.8,6.2,6.5
2026-01-01 19:31:00,6.4445,normal,,6.8,6.2,6.5
2026-01-01 19:32:00,6.6035,normal,,6.8,6.2,6.5
2026-01-01 19:33:00,6.5542,normal,,6.8,6.2,6.5
2026-01-01 19:34:00,6.4752,normal,,6.8,6.2,6.5
2026-01-01 19:35:00,6.5765,normal,,6.8,6.2,6.5
2026-01-01 19:36:00,6.4597,normal,,6.8,6.2,6.5
2026-01-01 19:37:00,6.4493,normal,,6.8,6.2,6.5
2026-01-01 19:38:00,6.5503,normal,,6.8,6.2,6.5
2026-01-01 19:39:00,6.5171,normal,,6.8,6.2,6.5
2026-01-01 19:40:00,6.5687,normal,,6.8,6.2,6.5
2026-01-01 19:41:00,6.5859,normal,,6.8,6.2,6.5
2026-01-01 19:42:00,6.3891,normal,,6.8,6.2,6.5
2026-01-01 19:43:00,6.5108,normal,,6.8,6.2,6.5
2026-01-01 19:44:00,6.4029,normal,,6.8,6.2,6.5
2026-01-01 19:45:00,6.3571,normal,,6.8,6.2,6.5
2026-01-01 19:46:00,6.5114,normal,,6.8,6.2,6.5
2026-01-01 19:47:00,6.6008,normal,,6.8,6.2,6.5
2026-01-01 19:48:00,6.4005,normal,,6.8,6.2,6.5
2026-01-01 19:49:00,6.4859,normal,,6.8,6.2,6.5
2026-01-01 19:50:00,6.4675,normal,,6.8,6.2,6.5
2026-01-01 19:51:00,6.4898,normal,,6.8,6.2,6.5
2026-01-01 19:52:00,6.4052,normal,,6.8,6.2,6.5
2026-01-01 19:53:00,6.5671,normal,,6.8,6.2,6.5
2026-01-01 19:54:00,6.5044,normal,,6.8,6.2,6.5
2026-01-01 19:55:00,6.3653,normal,,6.8,6.2,6.5
2026-01-01 19:56:00,6.4581,normal,,6.8,6.2,6.5
2026-01-01 19:57:00,6.5018,normal,,6.8,6.2,6.5
2026-01-01 19:58:00,6.5548,normal,,6.8,6.2,6.5
2026-01-01 19:59:00,6.4359,normal,,6.8,6.2,6.5
2026-01-01 20:00:00,6.542,normal,,6.8,6.2,6.5
2026-01-01 20:01:00,6.4881,normal,,6.8,6.2,6.5
2026-01-01 20:02:00,6.5806,normal,,6.8,6.2,6.5
2026-01-01 20:03:00,6.4134,normal,,6.8,6.2,6.5
2026-01-01 20:04:00,6.4231,normal,,6.8,6.2,6.5
2026-01-01 20:05:00,6.5522,normal,,6.8,6.2,6.5
2026-01-01 20:06:00,6.504,normal,,6.8,6.2,6.5
2026-01-01 20:07:00,6.4564,normal,,6.8,6.2,6.5
2026-01-01 20:08:00,6.5194,normal,,6.8,6.2,6.5
2026-01-01 20:09:00,6.525,normal,,6.8,6.2,6.5
2026-01-01 20:10:00,6.5306,normal,,6.8,6.2,6.5
2026-01-01 20:11:00,6.6117,normal,,6.8,6.2,6.5
2026-01-01 20:12:00,6.5429,normal,,6.8,6.2,6.5
2026-01-01 20:13:00,6.5084,normal,,6.8,6.2,6.5
2026-01-01 20:14:00,6.5049,normal,,6.8,6.2,6.5
2026-01-01 20:15:00,6.6355,normal,,6.8,6.2,6.5
2026-01-01 20:16:00,6.4167,normal,,6.8,6.2,6.5
2026-01-01 20:17:00,6.4923,normal,,6.8,6.2,6.5
2026-01-01 20:18:00,6.5404,normal,,6.8,6.2,6.5
2026-01-01 20:19:00,6.3659,normal,,6.8,6.2,6.5
2026-01-01 20:20:00,6.5585,normal,,6.8,6.2,6.5
2026-01-01 20:21:00,6.5243,normal,,6.8,6.2,6.5
2026-01-01 20:22:00,6.4897,normal,,6.8,6.2,6.5
2026-01-01 20:23:00,6.4821,normal,,6.8,6.2,6.5
2026-01-01 20:24:00,6.2973,normal,,6.8,6.2,6.5
2026-01-01 20:25:00,6.4213,normal,,6.8,6.2,6.5
2026-01-01 20:26:00,6.4079,normal,,6.8,6.2,6.5
2026-01-01 20:27:00,6.6765,normal,,6.8,6.2,6.5
2026-01-01 20:28:00,6.408,normal,,6.8,6.2,6.5
2026-01-01 20:29:00,6.3706,normal,,6.8,6.2,6.5
2026-01-01 20:30:00,6.5161,normal,,6.8,6.2,6.5
2026-01-01 20:31:00,6.4169,normal,,6.8,6.2,6.5
2026-01-01 20:32:00,6.4667,normal,,6.8,6.2,6.5
2026-01-01 20:33:00,6.4364,normal,,6.8,6.2,6.5
2026-01-01 20:34:00,6.5054,normal,,6.8,6.2,6.5
2026-01-01 20:35:00,6.4159,normal,,6.8,6.2,6.5
2026-01-01 20:36:00,6.5325,normal,,6.8,6.2,6.5
2026-01-01 20:37:00,6.5935,normal,,6.8,6.2,6.5
2026-01-01 20:38:00,6.5035,normal,,6.8,6.2,6.5
2026-01-01 20:39:00,6.3769,normal,,6.8,6.2,6.5
2026-01-01 20:40:00,6.4403,normal,,6.8,6.2,6.5
2026-01-01 20:41:00,6.4266,normal,,6.8,6.2,6.5
2026-01-01 20:42:00,6.5946,normal,,6.8,6.2,6.5
2026-01-01 20:43:00,6.6476,normal,,6.8,6.2,6.5
2026-01-01 20:44:00,6.5055,normal,,6.8,6.2,6.5
2026-01-01 20:45:00,6.4395,normal,,6.8,6.2,6.5
2026-01-01 20:46:00,6.58,normal,,6.8,6.2,6.5
2026-01-01 20:47:00,6.5638,normal,,6.8,6.2,6.5
2026-01-01 20:48:00,6.5302,normal,,6.8,6.2,6.5
2026-01-01 20:49:00,6.5715,normal,,6.8,6.2,6.5
2026-01-01 20:50:00,6.2936,normal,,6.8,6.2,6.5
2026-01-01 20:51:00,6.6634,normal,,6.8,6.2,6.5
2026-01-01 20:52:00,6.4831,normal,,6.8,6.2,6.5
2026-01-01 20:53:00,6.3415,normal,,6.8,6.2,6.5
2026-01-01 20:54:00,6.7306,normal,,6.8,6.2,6.5
2026-01-01 20:55:00,6.4947,normal,,6.8,6.2,6.5
2026-01-01 20:56:00,6.6469,normal,,6.8,6.2,6.5
2026-01-01 20:57:00,6.3976,normal,,6.8,6.2,6.5
2026-01-01 20:58:00,6.4211,normal,,6.8,6.2,6.5
2026-01-01 20:59:00,6.5,normal,,6.8,6.2,6.5
2026-01-01 21:00:00,6.3797,normal,,6.8,6.2,6.5
2026-01-01 21:01:00,6.3283,normal,,6.8,6.2,6.5
2026-01-01 21:02:00,6.5842,normal,,6.8,6.2,6.5
2026-01-01 21:03:00,6.5537,normal,,6.8,6.2,6.5
2026-01-01 21:04:00,6.5378,normal,,6.8,6.2,6.5
2026-01-01 21:05:00,6.6282,normal,,6.8,6.2,6.5
2026-01-01 21:06:00,6.4046,normal,,6.8,6.2,6.5
2026-01-01 21:07:00,6.5208,normal,,6.8,6.2,6.5
2026-01-01 21:08:00,6.4717,normal,,6.8,6.2,6.5
2026-01-01 21:09:00,6.514,normal,,6.8,6.2,6.5
2026-01-01 21:10:00,6.5779,normal,,6.8,6.2,6.5
2026-01-01 21:11:00,6.3999,normal,,6.8,6.2,6.5
2026-01-01 21:12:00,6.5247,normal,,6.8,6.2,6.5
2026-01-01 21:13:00,6.5323,normal,,6.8,6.2,6.5
2026-01-01 21:14:00,6.4818,normal,,6.8,6.2,6.5
2026-01-01 21:15:00,6.6141,normal,,6.8,6.2,6.5
2026-01-01 21:16:00,6.4936,normal,,6.8,6.2,6.5
2026-01-01 21:17:00,6.487,normal,,6.8,6.2,6.5
2026-01-01 21:18:00,6.4736,normal,,6.8,6.2,6.5
2026-01-01 21:19:00,6.6188,normal,,6.8,6.2,6.5
2026-01-01 21:20:00,6.2546,normal,,6.8,6.2,6.5
2026-01-01 21:21:00,6.4576,normal,,6.8,6.2,6.5
2026-01-01 21:22:00,6.2945,normal,,6.8,6.2,6.5
2026-01-01 21:23:00,6.5377,normal,,6.8,6.2,6.5
2026-01-01 21:24:00,6.4611,normal,,6.8,6.2,6.5
2026-01-01 21:25:00,6.4145,normal,,6.8,6.2,6.5
2026-01-01 21:26:00,6.4469,normal,,6.8,6.2,6.5
2026-01-01 21:27:00,6.4134,normal,,6.8,6.2,6.5
2026-01-01 21:28:00,6.4361,normal,,6.8,6.2,6.5
2026-01-01 21:29:00,6.3176,normal,,6.8,6.2,6.5
2026-01-01 21:30:00,6.4298,normal,,6.8,6.2,6.5
2026-01-01 21:31:00,6.5413,normal,,6.8,6.2,6.5
2026-01-01 21:32:00,6.3795,normal,,6.8,6.2,6.5
2026-01-01 21:33:00,6.4989,normal,,6.8,6.2,6.5
2026-01-01 21:34:00,6.6866,normal,,6.8,6.2,6.5
2026-01-01 21:35:00,6.607,normal,,6.8,6.2,6.5
2026-01-01 21:36:00,6.5925,normal,,6.8,6.2,6.5
2026-01-01 21:37:00,6.5983,normal,,6.8,6.2,6.5
2026-01-01 21:38:00,6.4489,normal,,6.8,6.2,6.5
2026-01-01 21:39:00,6.479,normal,,6.8,6.2,6.5
2026-01-01 21:40:00,6.4853,normal,,6.8,6.2,6.5
2026-01-01 21:41:00,6.484,normal,,6.8,6.2,6.5
2026-01-01 21:42:00,6.4661,normal,,6.8,6.2,6.5
2026-01-01 21:43:00,6.5796,normal,,6.8,6.2,6.5
2026-01-01 21:44:00,6.5644,normal,,6.8,6.2,6.5
2026-01-01 21:45:00,6.4949,normal,,6.8,6.2,6.5
2026-01-01 21:46:00,6.525,normal,,6.8,6.2,6.5
2026-01-01 21:47:00,6.5242,normal,,6.8,6.2,6.5
2026-01-01 21:48:00,6.4591,normal,,6.8,6.2,6.5
2026-01-01 21:49:00,6.4786,normal,,6.8,6.2,6.5
2026-01-01 21:50:00,6.6128,normal,,6.8,6.2,6.5
2026-01-01 21:51:00,6.6009,normal,,6.8,6.2,6.5
2026-01-01 21:52:00,6.4522,normal,,6.8,6.2,6.5
2026-01-01 21:53:00,6.5085,normal,,6.8,6.2,6.5
2026-01-01 21:54:00,6.5792,normal,,6.8,6.2,6.5
2026-01-01 21:55:00,6.448,normal,,6.8,6.2,6.5
2026-01-01 21:56:00,6.4645,normal,,6.8,6.2,6.5
2026-01-01 21:57:00,6.5447,normal,,6.8,6.2,6.5
2026-01-01 21:58:00,6.6134,normal,,6.8,6.2,6.5
2026-01-01 21:59:00,6.4888,normal,,6.8,6.2,6.5
2026-01-01 22:00:00,6.5938,normal,,6.8,6.2,6.5
2026-01-01 22:01:00,6.4925,normal,,6.8,6.2,6.5
2026-01-01 22:02:00,6.2983,normal,,6.8,6.2,6.5
2026-01-01 22:03:00,6.3654,normal,,6.8,6.2,6.5
2026-01-01 22:04:00,6.5269,normal,,6.8,6.2,6.5
2026-01-01 22:05:00,6.6791,normal,,6.8,6.2,6.5
2026-01-01 22:06:00,6.2881,normal,,6.8,6.2,6.5
2026-01-01 22:07:00,6.4048,normal,,6.8,6.2,6.5
2026-01-01 22:08:00,6.4208,normal,,6.8,6.2,6.5
2026-01-01 22:09:00,6.3462,normal,,6.8,6.2,6.5
2026-01-01 22:10:00,6.6584,normal,,6.8,6.2,6.5
2026-01-01 22:11:00,6.6966,normal,,6.8,6.2,6.5
2026-01-01 22:12:00,6.5232,normal,,6.8,6.2,6.5
2026-01-01 22:13:00,6.353,normal,,6.8,6.2,6.5
2026-01-01 22:14:00,6.4991,normal,,6.8,6.2,6.5
2026-01-01 22:15:00,6.5104,normal,,6.8,6.2,6.5
2026-01-01 22:16:00,6.5697,normal,,6.8,6.2,6.5
2026-01-01 22:17:00,6.4668,normal,,6.8,6.2,6.5
2026-01-01 22:18:00,6.4136,normal,,6.8,6.2,6.5
2026-01-01 22:19:00,6.5132,normal,,6.8,6.2,6.5
2026-01-01 22:20:00,6.4244,normal,,6.8,6.2,6.5
2026-01-01 22:21:00,6.5015,normal,,6.8,6.2,6.5
2026-01-01 22:22:00,6.4519,normal,,6.8,6.2,6.5
2026-01-01 22:23:00,6.3956,normal,,6.8,6.2,6.5
2026-01-01 22:24:00,6.3137,normal,,6.8,6.2,6.5
2026-01-01 22:25:00,6.5134,normal,,6.8,6.2,6.5
2026-01-01 22:26:00,6.5473,normal,,6.8,6.2,6.5
2026-01-01 22:27:00,6.5804,normal,,6.8,6.2,6.5
2026-01-01 22:28:00,6.4442,normal,,6.8,6.2,6.5
2026-01-01 22:29:00,6.4606,normal,,6.8,6.2,6.5
2026-01-01 22:30:00,6.5047,normal,,6.8,6.2,6.5
2026-01-01 22:31:00,6.5265,normal,,6.8,6.2,6.5
2026-01-01 22:32:00,6.4634,normal,,6.8,6.2,6.5
2026-01-01 22:33:00,6.5186,normal,,6.8,6.2,6.5
2026-01-01 22:34:00,6.6806,normal,,6.8,6.2,6.5
2026-01-01 22:35:00,6.548,normal,,6.8,6.2,6.5
2026-01-01 22:36:00,6.5213,normal,,6.8,6.2,6.5
2026-01-01 22:37:00,6.4259,normal,,6.8,6.2,6.5
2026-01-01 22:38:00,6.4972,normal,,6.8,6.2,6.5
2026-01-01 22:39:00,6.6497,normal,,6.8,6.2,6.5
2026-01-01 22:40:00,6.3176,normal,,6.8,6.2,6.5
2026-01-01 22:41:00,6.5088,normal,,6.8,6.2,6.5
2026-01-01 22:42:00,6.5561,normal,,6.8,6.2,6.5
2026-01-01 22:43:00,6.4405,normal,,6.8,6.2,6.5
2026-01-01 22:44:00,6.5838,normal,,6.8,6.2,6.5
2026-01-01 22:45:00,6.4055,normal,,6.8,6.2,6.5
2026-01-01 22:46:00,6.6483,normal,,6.8,6.2,6.5
2026-01-01 22:47:00,6.4232,normal,,6.8,6.2,6.5
2026-01-01 22:48:00,6.5661,normal,,6.8,6.2,6.5
2026-01-01 22:49:00,6.4481,normal,,6.8,6.2,6.5
2026-01-01 22:50:00,6.621,normal,,6.8,6.2,6.5
2026-01-01 22:51:00,6.4244,normal,,6.8,6.2,6.5
2026-01-01 22:52:00,6.5773,normal,,6.8,6.2,6.5
2026-01-01 22:53:00,6.4492,normal,,6.8,6.2,6.5
2026-01-01 22:54:00,6.5411,normal,,6.8,6.2,6.5
2026-01-01 22:55:00,6.4201,normal,,6.8,6.2,6.5
2026-01-01 22:56:00,6.4568,normal,,6.8,6.2,6.5
2026-01-01 22:57:00,6.4556,normal,,6.8,6.2,6.5
2026-01-01 22:58:00,6.4473,normal,,6.8,6.2,6.5
2026-01-01 22:59:00,6.7296,normal,,6.8,6.2,6.5
2026-01-01 23:00:00,6.6211,anomaly,sudden_shift,6.8,6.2,6.5
2026-01-01 23:01:00,6.6738,anomaly,sudden_shift,6.8,6.2,6.5
2026-01-01 23:02:00,6.6033,anomaly,sudden_shift,6.8,6.2,6.5
2026-01-01 23:03:00,6.8304,anomaly,sudden_shift,6.8,6.2,6.5
2026-01-01 23:04:00,6.858,anomaly,sudden_shift,6.8,6.2,6.5
2026-01-01 23:05:00,6.7666,anomaly,sudden_shift,6.8,6.2,6.5
2026-01-01 23:06:00,6.7248,anomaly,sudden_shift,6.8,6.2,6.5
2026-01-01 23:07:00,6.6785,anomaly,sudden_shift,6.8,6.2,6.5
2026-01-01 23:08:00,6.5701,anomaly,gradual_drift,6.8,6.2,6.5
2026-01-01 23:09:00,6.6248,anomaly,gradual_drift,6.8,6.2,6.5
2026-01-01 23:10:00,6.4826,anomaly,gradual_drift,6.8,6.2,6.5
2026-01-01 23:11:00,6.5257,anomaly,gradual_drift,6.8,6.2,6.5
2026-01-01 23:12:00,6.3745,anomaly,gradual_drift,6.8,6.2,6.5
2026-01-01 23:13:00,6.3804,anomaly,gradual_drift,6.8,6.2,6.5
2026-01-01 23:14:00,6.517,anomaly,gradual_drift,6.8,6.2,6.5
2026-01-01 23:15:00,6.5467,anomaly,gradual_drift,6.8,6.2,6.5
2026-01-01 23:16:00,6.4656,anomaly,gradual_drift,6.8,6.2,6.5
2026-01-01 23:17:00,6.4386,anomaly,gradual_drift,6.8,6.2,6.5
2026-01-01 23:18:00,6.5613,anomaly,gradual_drift,6.8,6.2,6.5
2026-01-01 23:19:00,6.5777,anomaly,gradual_drift,6.8,6.2,6.5
2026-01-01 23:20:00,6.3916,anomaly,gradual_drift,6.8,6.2,6.5
2026-01-01 23:21:00,6.4798,anomaly,gradual_drift,6.8,6.2,6.5
2026-01-01 23:22:00,6.3725,anomaly,gradual_drift,6.8,6.2,6.5
2026-01-01 23:23:00,6.4717,anomaly,gradual_drift,6.8,6.2,6.5
2026-01-01 23:24:00,6.3893,anomaly,gradual_drift,6.8,6.2,6.5
2026-01-01 23:25:00,6.4116,anomaly,gradual_drift,6.8,6.2,6.5
2026-01-01 23:26:00,6.4796,anomaly,gradual_drift,6.8,6.2,6.5
2026-01-01 23:27:00,6.4004,anomaly,gradual_drift,6.8,6.2,6.5
2026-01-01 23:28:00,6.3107,anomaly,gradual_drift,6.8,6.2,6.5
2026-01-01 23:29:00,6.6296,anomaly,gradual_drift,6.8,6.2,6.5
2026-01-01 23:30:00,6.3247,anomaly,gradual_drift,6.8,6.2,6.5
2026-01-01 23:31:00,6.553,anomaly,gradual_drift,6.8,6.2,6.5
2026-01-01 23:32:00,6.4776,anomaly,gradual_drift,6.8,6.2,6.5
2026-01-01 23:33:00,6.4402,anomaly,gradual_drift,6.8,6.2,6.5
2026-01-01 23:34:00,6.5237,anomaly,gradual_drift,6.8,6.2,6.5
2026-01-01 23:35:00,6.5767,anomaly,gradual_drift,6.8,6.2,6.5
2026-01-01 23:36:00,6.5067,anomaly,gradual_drift,6.8,6.2,6.5
2026-01-01 23:37:00,6.2965,anomaly,gradual_drift,6.8,6.2,6.5
2026-01-01 23:38:00,6.4653,anomaly,gradual_drift,6.8,6.2,6.5
2026-01-01 23:39:00,6.476,anomaly,gradual_drift,6.8,6.2,6.5
2026-01-01 23:40:00,6.4536,anomaly,gradual_drift,6.8,6.2,6.5
2026-01-01 23:41:00,6.3566,anomaly,gradual_drift,6.8,6.2,6.5
2026-01-01 23:42:00,6.332,anomaly,gradual_drift,6.8,6.2,6.5
2026-01-01 23:43:00,6.567,anomaly,gradual_drift,6.8,6.2,6.5
2026-01-01 23:44:00,6.4398,anomaly,gradual_drift,6.8,6.2,6.5
2026-01-01 23:45:00,6.4492,anomaly,gradual_drift,6.8,6.2,6.5
2026-01-01 23:46:00,6.559,anomaly,gradual_drift,6.8,6.2,6.5
2026-01-01 23:47:00,6.5252,anomaly,gradual_drift,6.8,6.2,6.5
2026-01-01 23:48:00,6.4762,anomaly,gradual_drift,6.8,6.2,6.5
2026-01-01 23:49:00,6.2829,anomaly,gradual_drift,6.8,6.2,6.5
2026-01-01 23:50:00,6.5629,normal,,6.8,6.2,6.5
2026-01-01 23:51:00,6.5764,normal,,6.8,6.2,6.5
2026-01-01 23:52:00,6.4768,normal,,6.8,6.2,6.5
2026-01-01 23:53:00,6.445,normal,,6.8,6.2,6.5
2026-01-01 23:54:00,6.6067,normal,,6.8,6.2,6.5
2026-01-01 23:55:00,6.4703,normal,,6.8,6.2,6.5
2026-01-01 23:56:00,6.492,normal,,6.8,6.2,6.5
2026-01-01 23:57:00,6.3603,normal,,6.8,6.2,6.5
2026-01-01 23:58:00,6.4522,normal,,6.8,6.2,6.5
2026-01-01 23:59:00,6.6006,normal,,6.8,6.2,6.5
2026-01-02 00:00:00,6.4629,normal,,6.8,6.2,6.5
2026-01-02 00:01:00,6.5726,normal,,6.8,6.2,6.5
2026-01-02 00:02:00,6.5933,normal,,6.8,6.2,6.5
2026-01-02 00:03:00,6.4077,normal,,6.8,6.2,6.5
2026-01-02 00:04:00,6.5275,normal,,6.8,6.2,6.5
2026-01-02 00:05:00,6.5179,normal,,6.8,6.2,6.5
2026-01-02 00:06:00,6.5691,normal,,6.8,6.2,6.5
2026-01-02 00:07:00,6.4769,normal,,6.8,6.2,6.5
2026-01-02 00:08:00,6.396,normal,,6.8,6.2,6.5
2026-01-02 00:09:00,6.4661,normal,,6.8,6.2,6.5
2026-01-02 00:10:00,6.4796,normal,,6.8,6.2,6.5
2026-01-02 00:11:00,6.4596,normal,,6.8,6.2,6.5
2026-01-02 00:12:00,6.5997,normal,,6.8,6.2,6.5
2026-01-02 00:13:00,6.5873,normal,,6.8,6.2,6.5
2026-01-02 00:14:00,6.5223,normal,,6.8,6.2,6.5
2026-01-02 00:15:00,6.4776,normal,,6.8,6.2,6.5
2026-01-02 00:16:00,6.5816,normal,,6.8,6.2,6.5
2026-01-02 00:17:00,6.4755,normal,,6.8,6.2,6.5
2026-01-02 00:18:00,6.3007,normal,,6.8,6.2,6.5
2026-01-02 00:19:00,6.6172,normal,,6.8,6.2,6.5
2026-01-02 00:20:00,6.5934,normal,,6.8,6.2,6.5
2026-01-02 00:21:00,6.4316,normal,,6.8,6.2,6.5
2026-01-02 00:22:00,6.4073,normal,,6.8,6.2,6.5
2026-01-02 00:23:00,6.3917,normal,,6.8,6.2,6.5
2026-01-02 00:24:00,6.5866,normal,,6.8,6.2,6.5
2026-01-02 00:25:00,6.2896,normal,,6.8,6.2,6.5
2026-01-02 00:26:00,6.4969,normal,,6.8,6.2,6.5
2026-01-02 00:27:00,6.4092,normal,,6.8,6.2,6.5
2026-01-02 00:28:00,6.4585,normal,,6.8,6.2,6.5
2026-01-02 00:29:00,6.5422,normal,,6.8,6.2,6.5
2026-01-02 00:30:00,6.4813,normal,,6.8,6.2,6.5
2026-01-02 00:31:00,6.4177,normal,,6.8,6.2,6.5
2026-01-02 00:32:00,6.4392,normal,,6.8,6.2,6.5
2026-01-02 00:33:00,6.405,normal,,6.8,6.2,6.5
2026-01-02 00:34:00,6.5098,normal,,6.8,6.2,6.5
2026-01-02 00:35:00,6.5285,normal,,6.8,6.2,6.5
2026-01-02 00:36:00,6.4516,normal,,6.8,6.2,6.5
2026-01-02 00:37:00,6.3913,normal,,6.8,6.2,6.5
2026-01-02 00:38:00,6.5867,normal,,6.8,6.2,6.5
2026-01-02 00:39:00,6.6164,normal,,6.8,6.2,6.5
2026-01-02 00:40:00,6.317,anomaly,gradual_drift,6.8,6.2,6.5
2026-01-02 00:41:00,6.6155,anomaly,gradual_drift,6.8,6.2,6.5
2026-01-02 00:42:00,6.6285,anomaly,gradual_drift,6.8,6.2,6.5
2026-01-02 00:43:00,6.3841,anomaly,gradual_drift,6.8,6.2,6.5
2026-01-02 00:44:00,6.3409,anomaly,gradual_drift,6.8,6.2,6.5
2026-01-02 00:45:00,6.4748,anomaly,gradual_drift,6.8,6.2,6.5
2026-01-02 00:46:00,6.6573,anomaly,variance_increase,6.8,6.2,6.5
2026-01-02 00:47:00,6.5011,anomaly,variance_increase,6.8,6.2,6.5
2026-01-02 00:48:00,6.7151,anomaly,variance_increase,6.8,6.2,6.5
2026-01-02 00:49:00,6.5168,anomaly,variance_increase,6.8,6.2,6.5
2026-01-02 00:50:00,6.7269,anomaly,variance_increase,6.8,6.2,6.5
2026-01-02 00:51:00,6.2817,anomaly,variance_increase,6.8,6.2,6.5
2026-01-02 00:52:00,6.2598,anomaly,variance_increase,6.8,6.2,6.5
2026-01-02 00:53:00,6.5049,anomaly,variance_increase,6.8,6.2,6.5
2026-01-02 00:54:00,6.4878,anomaly,variance_increase,6.8,6.2,6.5
2026-01-02 00:55:00,6.3606,anomaly,variance_increase,6.8,6.2,6.5
2026-01-02 00:56:00,6.5045,anomaly,variance_increase,6.8,6.2,6.5
2026-01-02 00:57:00,6.7643,anomaly,variance_increase,6.8,6.2,6.5
2026-01-02 00:58:00,6.5572,anomaly,variance_increase,6.8,6.2,6.5
2026-01-02 00:59:00,6.4432,anomaly,variance_increase,6.8,6.2,6.5
2026-01-02 01:00:00,6.1108,anomaly,variance_increase,6.8,6.2,6.5
2026-01-02 01:01:00,6.6634,anomaly,variance_increase,6.8,6.2,6.5
2026-01-02 01:02:00,6.6978,anomaly,variance_increase,6.8,6.2,6.5
2026-01-02 01:03:00,6.309,anomaly,variance_increase,6.8,6.2,6.5
2026-01-02 01:04:00,6.4731,anomaly,variance_increase,6.8,6.2,6.5
2026-01-02 01:05:00,6.2853,anomaly,variance_increase,6.8,6.2,6.5
2026-01-02 01:06:00,6.7538,anomaly,variance_increase,6.8,6.2,6.5
2026-01-02 01:07:00,6.3843,anomaly,variance_increase,6.8,6.2,6.5
2026-01-02 01:08:00,6.6198,anomaly,variance_increase,6.8,6.2,6.5
2026-01-02 01:09:00,6.6139,anomaly,variance_increase,6.8,6.2,6.5
2026-01-02 01:10:00,6.3613,anomaly,variance_increase,6.8,6.2,6.5
2026-01-02 01:11:00,6.4019,anomaly,variance_increase,6.8,6.2,6.5
2026-01-02 01:12:00,6.6417,anomaly,variance_increase,6.8,6.2,6.5
2026-01-02 01:13:00,6.4971,anomaly,variance_increase,6.8,6.2,6.5
2026-01-02 01:14:00,6.4213,anomaly,variance_increase,6.8,6.2,6.5
2026-01-02 01:15:00,6.6344,anomaly,variance_increase,6.8,6.2,6.5
2026-01-02 01:16:00,6.5727,anomaly,variance_increase,6.8,6.2,6.5
2026-01-02 01:17:00,6.5259,anomaly,variance_increase,6.8,6.2,6.5
2026-01-02 01:18:00,6.618,anomaly,variance_increase,6.8,6.2,6.5
2026-01-02 01:19:00,6.4138,anomaly,variance_increase,6.8,6.2,6.5
2026-01-02 01:20:00,6.5521,anomaly,variance_increase,6.8,6.2,6.5
2026-01-02 01:21:00,6.3878,anomaly,variance_increase,6.8,6.2,6.5
2026-01-02 01:22:00,6.7821,anomaly,variance_increase,6.8,6.2,6.5
2026-01-02 01:23:00,6.5111,anomaly,variance_increase,6.8,6.2,6.5
2026-01-02 01:24:00,6.5451,anomaly,variance_increase,6.8,6.2,6.5
2026-01-02 01:25:00,6.4011,anomaly,variance_increase,6.8,6.2,6.5
2026-01-02 01:26:00,6.5743,anomaly,variance_increase,6.8,6.2,6.5
2026-01-02 01:27:00,6.4699,anomaly,variance_increase,6.8,6.2,6.5
2026-01-02 01:28:00,6.4298,anomaly,variance_increase,6.8,6.2,6.5
2026-01-02 01:29:00,6.3559,anomaly,variance_increase,6.8,6.2,6.5
2026-01-02 01:30:00,6.7241,normal,,6.8,6.2,6.5
2026-01-02 01:31:00,6.4435,normal,,6.8,6.2,6.5
2026-01-02 01:32:00,6.5517,normal,,6.8,6.2,6.5
2026-01-02 01:33:00,6.6397,normal,,6.8,6.2,6.5
2026-01-02 01:34:00,6.4789,normal,,6.8,6.2,6.5
2026-01-02 01:35:00,6.5234,normal,,6.8,6.2,6.5
2026-01-02 01:36:00,6.5531,normal,,6.8,6.2,6.5
2026-01-02 01:37:00,6.4956,normal,,6.8,6.2,6.5
2026-01-02 01:38:00,6.5211,normal,,6.8,6.2,6.5
2026-01-02 01:39:00,6.4979,normal,,6.8,6.2,6.5
2026-01-02 01:40:00,6.5454,normal,,6.8,6.2,6.5
2026-01-02 01:41:00,6.4552,normal,,6.8,6.2,6.5
2026-01-02 01:42:00,6.3795,normal,,6.8,6.2,6.5
2026-01-02 01:43:00,6.4925,normal,,6.8,6.2,6.5
2026-01-02 01:44:00,6.3318,normal,,6.8,6.2,6.5
2026-01-02 01:45:00,6.4695,normal,,6.8,6.2,6.5
2026-01-02 01:46:00,6.4908,normal,,6.8,6.2,6.5
2026-01-02 01:47:00,6.4848,normal,,6.8,6.2,6.5
2026-01-02 01:48:00,6.4836,normal,,6.8,6.2,6.5
2026-01-02 01:49:00,6.4774,normal,,6.8,6.2,6.5
2026-01-02 01:50:00,6.4842,normal,,6.8,6.2,6.5
2026-01-02 01:51:00,6.4823,normal,,6.8,6.2,6.5
2026-01-02 01:52:00,6.4472,normal,,6.8,6.2,6.5
2026-01-02 01:53:00,6.4676,normal,,6.8,6.2,6.5
2026-01-02 01:54:00,6.567,normal,,6.8,6.2,6.5
2026-01-02 01:55:00,6.4738,normal,,6.8,6.2,6.5
2026-01-02 01:56:00,6.4318,normal,,6.8,6.2,6.5
2026-01-02 01:57:00,6.4488,normal,,6.8,6.2,6.5
2026-01-02 01:58:00,6.4188,normal,,6.8,6.2,6.5
2026-01-02 01:59:00,6.5237,normal,,6.8,6.2,6.5
2026-01-02 02:00:00,6.5213,normal,,6.8,6.2,6.5
2026-01-02 02:01:00,6.4979,normal,,6.8,6.2,6.5
2026-01-02 02:02:00,6.6548,normal,,6.8,6.2,6.5
2026-01-02 02:03:00,6.4449,normal,,6.8,6.2,6.5
2026-01-02 02:04:00,6.5292,normal,,6.8,6.2,6.5
2026-01-02 02:05:00,6.5446,normal,,6.8,6.2,6.5
2026-01-02 02:06:00,6.4543,normal,,6.8,6.2,6.5
2026-01-02 02:07:00,6.5498,normal,,6.8,6.2,6.5
2026-01-02 02:08:00,6.4489,normal,,6.8,6.2,6.5
2026-01-02 02:09:00,6.4574,normal,,6.8,6.2,6.5
2026-01-02 02:10:00,6.5925,normal,,6.8,6.2,6.5
2026-01-02 02:11:00,6.5804,normal,,6.8,6.2,6.5
2026-01-02 02:12:00,6.4451,normal,,6.8,6.2,6.5
2026-01-02 02:13:00,6.5251,normal,,6.8,6.2,6.5
2026-01-02 02:14:00,6.5537,normal,,6.8,6.2,6.5
2026-01-02 02:15:00,6.4662,normal,,6.8,6.2,6.5
2026-01-02 02:16:00,6.611,normal,,6.8,6.2,6.5
2026-01-02 02:17:00,6.4635,normal,,6.8,6.2,6.5
2026-01-02 02:18:00,6.6076,normal,,6.8,6.2,6.5
2026-01-02 02:19:00,6.4724,normal,,6.8,6.2,6.5
2026-01-02 02:20:00,6.4986,normal,,6.8,6.2,6.5
2026-01-02 02:21:00,6.558,normal,,6.8,6.2,6.5
2026-01-02 02:22:00,6.5208,normal,,6.8,6.2,6.5
2026-01-02 02:23:00,6.4152,normal,,6.8,6.2,6.5
2026-01-02 02:24:00,6.3544,normal,,6.8,6.2,6.5
2026-01-02 02:25:00,6.6167,normal,,6.8,6.2,6.5
2026-01-02 02:26:00,6.4916,normal,,6.8,6.2,6.5
2026-01-02 02:27:00,6.4972,normal,,6.8,6.2,6.5
2026-01-02 02:28:00,6.6172,normal,,6.8,6.2,6.5
2026-01-02 02:29:00,6.4663,normal,,6.8,6.2,6.5
2026-01-02 02:30:00,6.5003,normal,,6.8,6.2,6.5
2026-01-02 02:31:00,6.4347,normal,,6.8,6.2,6.5
2026-01-02 02:32:00,6.4336,normal,,6.8,6.2,6.5
2026-01-02 02:33:00,6.4364,normal,,6.8,6.2,6.5
2026-01-02 02:34:00,6.4513,normal,,6.8,6.2,6.5
2026-01-02 02:35:00,6.4389,normal,,6.8,6.2,6.5
2026-01-02 02:36:00,6.3944,normal,,6.8,6.2,6.5
2026-01-02 02:37:00,6.4206,normal,,6.8,6.2,6.5
2026-01-02 02:38:00,6.5682,normal,,6.8,6.2,6.5
2026-01-02 02:39:00,6.3909,normal,,6.8,6.2,6.5
2026-01-02 02:40:00,6.5702,normal,,6.8,6.2,6.5
2026-01-02 02:41:00,6.5337,normal,,6.8,6.2,6.5
2026-01-02 02:42:00,6.6897,normal,,6.8,6.2,6.5
2026-01-02 02:43:00,6.558,normal,,6.8,6.2,6.5
2026-01-02 02:44:00,6.4715,normal,,6.8,6.2,6.5
2026-01-02 02:45:00,6.5509,normal,,6.8,6.2,6.5
2026-01-02 02:46:00,6.5583,normal,,6.8,6.2,6.5
2026-01-02 02:47:00,6.4788,normal,,6.8,6.2,6.5
2026-01-02 02:48:00,6.4779,normal,,6.8,6.2,6.5
2026-01-02 02:49:00,6.3689,normal,,6.8,6.2,6.5
2026-01-02 02:50:00,6.6113,normal,,6.8,6.2,6.5
2026-01-02 02:51:00,6.5253,normal,,6.8,6.2,6.5
2026-01-02 02:52:00,6.4974,normal,,6.8,6.2,6.5
2026-01-02 02:53:00,6.4874,normal,,6.8,6.2,6.5
2026-01-02 02:54:00,6.6096,normal,,6.8,6.2,6.5
2026-01-02 02:55:00,6.3929,normal,,6.8,6.2,6.5
2026-01-02 02:56:00,6.6158,normal,,6.8,6.2,6.5
2026-01-02 02:57:00,6.5001,normal,,6.8,6.2,6.5
2026-01-02 02:58:00,6.7117,normal,,6.8,6.2,6.5
2026-01-02 02:59:00,6.4809,normal,,6.8,6.2,6.5
2026-01-02 03:00:00,6.4744,normal,,6.8,6.2,6.5
2026-01-02 03:01:00,6.5463,normal,,6.8,6.2,6.5
2026-01-02 03:02:00,6.5786,normal,,6.8,6.2,6.5
2026-01-02 03:03:00,6.3764,normal,,6.8,6.2,6.5
2026-01-02 03:04:00,6.6456,normal,,6.8,6.2,6.5
2026-01-02 03:05:00,6.6496,normal,,6.8,6.2,6.5
2026-01-02 03:06:00,6.4473,normal,,6.8,6.2,6.5
2026-01-02 03:07:00,6.5071,normal,,6.8,6.2,6.5
2026-01-02 03:08:00,6.5617,normal,,6.8,6.2,6.5
2026-01-02 03:09:00,6.5224,normal,,6.8,6.2,6.5
2026-01-02 03:10:00,6.7295,normal,,6.8,6.2,6.5
2026-01-02 03:11:00,6.5283,normal,,6.8,6.2,6.5
2026-01-02 03:12:00,6.5238,normal,,6.8,6.2,6.5
2026-01-02 03:13:00,6.4981,normal,,6.8,6.2,6.5
2026-01-02 03:14:00,6.4675,normal,,6.8,6.2,6.5
2026-01-02 03:15:00,6.4355,normal,,6.8,6.2,6.5
2026-01-02 03:16:00,6.4612,normal,,6.8,6.2,6.5
2026-01-02 03:17:00,6.4474,normal,,6.8,6.2,6.5
2026-01-02 03:18:00,6.3798,normal,,6.8,6.2,6.5
2026-01-02 03:19:00,6.5888,normal,,6.8,6.2,6.5
2026-01-02 03:20:00,6.4721,normal,,6.8,6.2,6.5
2026-01-02 03:21:00,6.6167,normal,,6.8,6.2,6.5
2026-01-02 03:22:00,6.5321,normal,,6.8,6.2,6.5
2026-01-02 03:23:00,6.4216,normal,,6.8,6.2,6.5
2026-01-02 03:24:00,6.4628,normal,,6.8,6.2,6.5
2026-01-02 03:25:00,6.5147,normal,,6.8,6.2,6.5
2026-01-02 03:26:00,6.5389,normal,,6.8,6.2,6.5
2026-01-02 03:27:00,6.5285,normal,,6.8,6.2,6.5
2026-01-02 03:28:00,6.5704,normal,,6.8,6.2,6.5
2026-01-02 03:29:00,6.4254,normal,,6.8,6.2,6.5
2026-01-02 03:30:00,6.5719,normal,,6.8,6.2,6.5
2026-01-02 03:31:00,6.3235,normal,,6.8,6.2,6.5
2026-01-02 03:32:00,6.4214,normal,,6.8,6.2,6.5
2026-01-02 03:33:00,6.5151,normal,,6.8,6.2,6.5
2026-01-02 03:34:00,6.4725,normal,,6.8,6.2,6.5
2026-01-02 03:35:00,6.6313,normal,,6.8,6.2,6.5
2026-01-02 03:36:00,6.4587,normal,,6.8,6.2,6.5
2026-01-02 03:37:00,6.5466,normal,,6.8,6.2,6.5
2026-01-02 03:38:00,6.5244,normal,,6.8,6.2,6.5
2026-01-02 03:39:00,6.4464,normal,,6.8,6.2,6.5
2026-01-02 03:40:00,6.4618,normal,,6.8,6.2,6.5
2026-01-02 03:41:00,6.4517,normal,,6.8,6.2,6.5
2026-01-02 03:42:00,6.5036,normal,,6.8,6.2,6.5
2026-01-02 03:43:00,6.5614,normal,,6.8,6.2,6.5
2026-01-02 03:44:00,6.5196,normal,,6.8,6.2,6.5
2026-01-02 03:45:00,6.4922,normal,,6.8,6.2,6.5
2026-01-02 03:46:00,6.4441,normal,,6.8,6.2,6.5
2026-01-02 03:47:00,6.4792,normal,,6.8,6.2,6.5
2026-01-02 03:48:00,6.3513,normal,,6.8,6.2,6.5
2026-01-02 03:49:00,6.5669,normal,,6.8,6.2,6.5
2026-01-02 03:50:00,6.6123,normal,,6.8,6.2,6.5
2026-01-02 03:51:00,6.4557,normal,,6.8,6.2,6.5
2026-01-02 03:52:00,6.5026,normal,,6.8,6.2,6.5
2026-01-02 03:53:00,6.5952,normal,,6.8,6.2,6.5
2026-01-02 03:54:00,6.4488,normal,,6.8,6.2,6.5
2026-01-02 03:55:00,6.4794,normal,,6.8,6.2,6.5
2026-01-02 03:56:00,6.4175,normal,,6.8,6.2,6.5
2026-01-02 03:57:00,6.4516,normal,,6.8,6.2,6.5
2026-01-02 03:58:00,6.4879,normal,,6.8,6.2,6.5
2026-01-02 03:59:00,6.5576,normal,,6.8,6.2,6.5
2026-01-02 04:00:00,6.5694,normal,,6.8,6.2,6.5
2026-01-02 04:01:00,6.4362,normal,,6.8,6.2,6.5
2026-01-02 04:02:00,6.4603,normal,,6.8,6.2,6.5
2026-01-02 04:03:00,6.3691,normal,,6.8,6.2,6.5
2026-01-02 04:04:00,6.6881,normal,,6.8,6.2,6.5
2026-01-02 04:05:00,6.5684,normal,,6.8,6.2,6.5
2026-01-02 04:06:00,6.4514,normal,,6.8,6.2,6.5
2026-01-02 04:07:00,6.4224,normal,,6.8,6.2,6.5
2026-01-02 04:08:00,6.2946,normal,,6.8,6.2,6.5
2026-01-02 04:09:00,6.5575,normal,,6.8,6.2,6.5
2026-01-02 04:10:00,6.4158,normal,,6.8,6.2,6.5
2026-01-02 04:11:00,6.5522,normal,,6.8,6.2,6.5
2026-01-02 04:12:00,6.3238,normal,,6.8,6.2,6.5
2026-01-02 04:13:00,6.4945,normal,,6.8,6.2,6.5
2026-01-02 04:14:00,6.5475,normal,,6.8,6.2,6.5
2026-01-02 04:15:00,6.4953,normal,,6.8,6.2,6.5
2026-01-02 04:16:00,6.3797,normal,,6.8,6.2,6.5
2026-01-02 04:17:00,6.5047,normal,,6.8,6.2,6.5
2026-01-02 04:18:00,6.4087,normal,,6.8,6.2,6.5
2026-01-02 04:19:00,6.5403,normal,,6.8,6.2,6.5
2026-01-02 04:20:00,6.3844,normal,,6.8,6.2,6.5
2026-01-02 04:21:00,6.5099,normal,,6.8,6.2,6.5
2026-01-02 04:22:00,6.4394,normal,,6.8,6.2,6.5
2026-01-02 04:23:00,6.6131,normal,,6.8,6.2,6.5
2026-01-02 04:24:00,6.356,normal,,6.8,6.2,6.5
2026-01-02 04:25:00,6.6505,normal,,6.8,6.2,6.5
2026-01-02 04:26:00,6.5455,normal,,6.8,6.2,6.5
2026-01-02 04:27:00,6.5516,normal,,6.8,6.2,6.5
2026-01-02 04:28:00,6.5171,normal,,6.8,6.2,6.5
2026-01-02 04:29:00,6.4567,normal,,6.8,6.2,6.5
2026-01-02 04:30:00,6.4595,normal,,6.8,6.2,6.5
2026-01-02 04:31:00,6.4428,normal,,6.8,6.2,6.5
2026-01-02 04:32:00,6.4532,normal,,6.8,6.2,6.5
2026-01-02 04:33:00,6.4701,normal,,6.8,6.2,6.5
2026-01-02 04:34:00,6.5168,normal,,6.8,6.2,6.5
2026-01-02 04:35:00,6.5914,normal,,6.8,6.2,6.5
2026-01-02 04:36:00,6.3305,normal,,6.8,6.2,6.5
2026-01-02 04:37:00,6.5564,normal,,6.8,6.2,6.5
2026-01-02 04:38:00,6.5541,normal,,6.8,6.2,6.5
2026-01-02 04:39:00,6.4707,normal,,6.8,6.2,6.5
2026-01-02 04:40:00,6.6053,normal,,6.8,6.2,6.5
2026-01-02 04:41:00,6.5291,normal,,6.8,6.2,6.5
2026-01-02 04:42:00,6.5986,normal,,6.8,6.2,6.5
2026-01-02 04:43:00,6.4514,normal,,6.8,6.2,6.5
2026-01-02 04:44:00,6.5695,normal,,6.8,6.2,6.5
2026-01-02 04:45:00,6.5562,normal,,6.8,6.2,6.5
2026-01-02 04:46:00,6.6286,normal,,6.8,6.2,6.5
2026-01-02 04:47:00,6.6682,normal,,6.8,6.2,6.5
2026-01-02 04:48:00,6.482,normal,,6.8,6.2,6.5
2026-01-02 04:49:00,6.5891,normal,,6.8,6.2,6.5
2026-01-02 04:50:00,6.5139,normal,,6.8,6.2,6.5
2026-01-02 04:51:00,6.4354,normal,,6.8,6.2,6.5
2026-01-02 04:52:00,6.6031,normal,,6.8,6.2,6.5
2026-01-02 04:53:00,6.399,normal,,6.8,6.2,6.5
2026-01-02 04:54:00,6.5427,normal,,6.8,6.2,6.5
2026-01-02 04:55:00,6.457,normal,,6.8,6.2,6.5
2026-01-02 04:56:00,6.4515,normal,,6.8,6.2,6.5
2026-01-02 04:57:00,6.4011,normal,,6.8,6.2,6.5
2026-01-02 04:58:00,6.4137,normal,,6.8,6.2,6.5
2026-01-02 04:59:00,6.319,normal,,6.8,6.2,6.5
2026-01-02 05:00:00,6.3355,normal,,6.8,6.2,6.5
2026-01-02 05:01:00,6.4734,normal,,6.8,6.2,6.5
2026-01-02 05:02:00,6.5129,normal,,6.8,6.2,6.5
2026-01-02 05:03:00,6.4228,normal,,6.8,6.2,6.5
2026-01-02 05:04:00,6.4521,normal,,6.8,6.2,6.5
2026-01-02 05:05:00,6.6207,normal,,6.8,6.2,6.5
2026-01-02 05:06:00,6.4475,normal,,6.8,6.2,6.5
2026-01-02 05:07:00,6.3835,normal,,6.8,6.2,6.5
2026-01-02 05:08:00,6.4729,normal,,6.8,6.2,6.5
2026-01-02 05:09:00,6.4605,normal,,6.8,6.2,6.5
2026-01-02 05:10:00,6.511,normal,,6.8,6.2,6.5
2026-01-02 05:11:00,6.4655,normal,,6.8,6.2,6.5
2026-01-02 05:12:00,6.4915,normal,,6.8,6.2,6.5
2026-01-02 05:13:00,6.52,normal,,6.8,6.2,6.5
2026-01-02 05:14:00,6.3454,normal,,6.8,6.2,6.5
2026-01-02 05:15:00,6.4446,normal,,6.8,6.2,6.5
2026-01-02 05:16:00,6.4768,normal,,6.8,6.2,6.5
2026-01-02 05:17:00,6.415,normal,,6.8,6.2,6.5
2026-01-02 05:18:00,6.4368,normal,,6.8,6.2,6.5
2026-01-02 05:19:00,6.5126,normal,,6.8,6.2,6.5
2026-01-02 05:20:00,6.3804,normal,,6.8,6.2,6.5
2026-01-02 05:21:00,6.4035,normal,,6.8,6.2,6.5
2026-01-02 05:22:00,6.5912,normal,,6.8,6.2,6.5
2026-01-02 05:23:00,6.4536,normal,,6.8,6.2,6.5
2026-01-02 05:24:00,6.5064,normal,,6.8,6.2,6.5
2026-01-02 05:25:00,6.4222,normal,,6.8,6.2,6.5
2026-01-02 05:26:00,6.6977,normal,,6.8,6.2,6.5
2026-01-02 05:27:00,6.467,normal,,6.8,6.2,6.5
2026-01-02 05:28:00,6.6376,normal,,6.8,6.2,6.5
2026-01-02 05:29:00,6.4704,normal,,6.8,6.2,6.5
2026-01-02 05:30:00,6.4839,normal,,6.8,6.2,6.5
2026-01-02 05:31:00,6.5383,normal,,6.8,6.2,6.5
2026-01-02 05:32:00,6.4245,normal,,6.8,6.2,6.5
2026-01-02 05:33:00,6.5083,normal,,6.8,6.2,6.5
2026-01-02 05:34:00,6.4804,normal,,6.8,6.2,6.5
2026-01-02 05:35:00,6.4698,normal,,6.8,6.2,6.5
2026-01-02 05:36:00,6.3028,normal,,6.8,6.2,6.5
2026-01-02 05:37:00,6.5723,normal,,6.8,6.2,6.5
2026-01-02 05:38:00,6.5289,normal,,6.8,6.2,6.5
2026-01-02 05:39:00,6.5681,normal,,6.8,6.2,6.5
2026-01-02 05:40:00,6.5994,normal,,6.8,6.2,6.5
2026-01-02 05:41:00,6.5828,normal,,6.8,6.2,6.5
2026-01-02 05:42:00,6.4774,normal,,6.8,6.2,6.5
2026-01-02 05:43:00,6.453,normal,,6.8,6.2,6.5
2026-01-02 05:44:00,6.4078,normal,,6.8,6.2,6.5
2026-01-02 05:45:00,6.4362,normal,,6.8,6.2,6.5
2026-01-02 05:46:00,6.4955,normal,,6.8,6.2,6.5
2026-01-02 05:47:00,6.5313,normal,,6.8,6.2,6.5
2026-01-02 05:48:00,6.4168,normal,,6.8,6.2,6.5
2026-01-02 05:49:00,6.5015,normal,,6.8,6.2,6.5
2026-01-02 05:50:00,6.419,normal,,6.8,6.2,6.5
2026-01-02 05:51:00,6.3836,normal,,6.8,6.2,6.5
2026-01-02 05:52:00,6.6002,normal,,6.8,6.2,6.5
2026-01-02 05:53:00,6.5645,normal,,6.8,6.2,6.5
2026-01-02 05:54:00,6.4174,normal,,6.8,6.2,6.5
2026-01-02 05:55:00,6.5836,normal,,6.8,6.2,6.5
2026-01-02 05:56:00,6.5196,normal,,6.8,6.2,6.5
2026-01-02 05:57:00,6.5123,normal,,6.8,6.2,6.5
2026-01-02 05:58:00,6.4954,normal,,6.8,6.2,6.5
2026-01-02 05:59:00,6.4207,normal,,6.8,6.2,6.5
2026-01-02 06:00:00,6.5863,normal,,6.8,6.2,6.5
2026-01-02 06:01:00,6.5709,normal,,6.8,6.2,6.5
2026-01-02 06:02:00,6.5134,normal,,6.8,6.2,6.5
2026-01-02 06:03:00,6.6966,normal,,6.8,6.2,6.5
2026-01-02 06:04:00,6.6121,normal,,6.8,6.2,6.5
2026-01-02 06:05:00,6.3992,normal,,6.8,6.2,6.5
2026-01-02 06:06:00,6.5066,normal,,6.8,6.2,6.5
2026-01-02 06:07:00,6.5718,normal,,6.8,6.2,6.5
2026-01-02 06:08:00,6.4905,normal,,6.8,6.2,6.5
2026-01-02 06:09:00,6.5019,normal,,6.8,6.2,6.5
2026-01-02 06:10:00,6.4937,normal,,6.8,6.2,6.5
2026-01-02 06:11:00,6.5065,normal,,6.8,6.2,6.5
2026-01-02 06:12:00,6.4729,normal,,6.8,6.2,6.5
2026-01-02 06:13:00,6.4444,normal,,6.8,6.2,6.5
2026-01-02 06:14:00,6.529,normal,,6.8,6.2,6.5
2026-01-02 06:15:00,6.5581,normal,,6.8,6.2,6.5
2026-01-02 06:16:00,6.5505,normal,,6.8,6.2,6.5
2026-01-02 06:17:00,6.4859,normal,,6.8,6.2,6.5
2026-01-02 06:18:00,6.4001,normal,,6.8,6.2,6.5
2026-01-02 06:19:00,6.3589,normal,,6.8,6.2,6.5
2026-01-02 06:20:00,6.6155,normal,,6.8,6.2,6.5
2026-01-02 06:21:00,6.604,normal,,6.8,6.2,6.5
2026-01-02 06:22:00,6.5533,normal,,6.8,6.2,6.5
2026-01-02 06:23:00,6.5823,normal,,6.8,6.2,6.5
2026-01-02 06:24:00,6.6144,normal,,6.8,6.2,6.5
2026-01-02 06:25:00,6.4294,normal,,6.8,6.2,6.5
2026-01-02 06:26:00,6.478,normal,,6.8,6.2,6.5
2026-01-02 06:27:00,6.4612,normal,,6.8,6.2,6.5
2026-01-02 06:28:00,6.3127,normal,,6.8,6.2,6.5
2026-01-02 06:29:00,6.4019,normal,,6.8,6.2,6.5
2026-01-02 06:30:00,6.4535,normal,,6.8,6.2,6.5
2026-01-02 06:31:00,6.471,normal,,6.8,6.2,6.5
2026-01-02 06:32:00,6.6068,normal,,6.8,6.2,6.5
2026-01-02 06:33:00,6.5374,normal,,6.8,6.2,6.5
2026-01-02 06:34:00,6.535,normal,,6.8,6.2,6.5
2026-01-02 06:35:00,6.5879,normal,,6.8,6.2,6.5
2026-01-02 06:36:00,6.5002,normal,,6.8,6.2,6.5
2026-01-02 06:37:00,6.5676,normal,,6.8,6.2,6.5
2026-01-02 06:38:00,6.6718,normal,,6.8,6.2,6.5
2026-01-02 06:39:00,6.5722,normal,,6.8,6.2,6.5
2026-01-02 06:40:00,6.501,normal,,6.8,6.2,6.5
2026-01-02 06:41:00,6.5365,normal,,6.8,6.2,6.5
2026-01-02 06:42:00,6.4364,normal,,6.8,6.2,6.5
2026-01-02 06:43:00,6.6949,normal,,6.8,6.2,6.5
2026-01-02 06:44:00,6.4481,normal,,6.8,6.2,6.5
2026-01-02 06:45:00,6.6135,normal,,6.8,6.2,6.5
2026-01-02 06:46:00,6.564,normal,,6.8,6.2,6.5
2026-01-02 06:47:00,6.5395,normal,,6.8,6.2,6.5
2026-01-02 06:48:00,6.5665,normal,,6.8,6.2,6.5
2026-01-02 06:49:00,6.3636,normal,,6.8,6.2,6.5
2026-01-02 06:50:00,6.4786,normal,,6.8,6.2,6.5
2026-01-02 06:51:00,6.4895,normal,,6.8,6.2,6.5
2026-01-02 06:52:00,6.5856,normal,,6.8,6.2,6.5
2026-01-02 06:53:00,6.5256,normal,,6.8,6.2,6.5
2026-01-02 06:54:00,6.6182,normal,,6.8,6.2,6.5
2026-01-02 06:55:00,6.5683,normal,,6.8,6.2,6.5
2026-01-02 06:56:00,6.4885,normal,,6.8,6.2,6.5
2026-01-02 06:57:00,6.5628,normal,,6.8,6.2,6.5
2026-01-02 06:58:00,6.3612,normal,,6.8,6.2,6.5
2026-01-02 06:59:00,6.5357,normal,,6.8,6.2,6.5
2026-01-02 07:00:00,6.3269,normal,,6.8,6.2,6.5
2026-01-02 07:01:00,6.5515,normal,,6.8,6.2,6.5
2026-01-02 07:02:00,6.4799,normal,,6.8,6.2,6.5
2026-01-02 07:03:00,6.3919,normal,,6.8,6.2,6.5
2026-01-02 07:04:00,6.4505,normal,,6.8,6.2,6.5
2026-01-02 07:05:00,6.3867,normal,,6.8,6.2,6.5
2026-01-02 07:06:00,6.6532,normal,,6.8,6.2,6.5
2026-01-02 07:07:00,6.455,normal,,6.8,6.2,6.5
2026-01-02 07:08:00,6.5888,normal,,6.8,6.2,6.5
2026-01-02 07:09:00,6.5134,normal,,6.8,6.2,6.5
2026-01-02 07:10:00,6.4664,normal,,6.8,6.2,6.5
2026-01-02 07:11:00,6.6385,normal,,6.8,6.2,6.5
2026-01-02 07:12:00,6.422,normal,,6.8,6.2,6.5
2026-01-02 07:13:00,6.5762,normal,,6.8,6.2,6.5
2026-01-02 07:14:00,6.4977,normal,,6.8,6.2,6.5
2026-01-02 07:15:00,6.396,normal,,6.8,6.2,6.5
2026-01-02 07:16:00,6.5233,normal,,6.8,6.2,6.5
2026-01-02 07:17:00,6.565,normal,,6.8,6.2,6.5
2026-01-02 07:18:00,6.3593,normal,,6.8,6.2,6.5
2026-01-02 07:19:00,6.4144,normal,,6.8,6.2,6.5
2026-01-02 07:20:00,6.391,anomaly,variance_increase,6.8,6.2,6.5
2026-01-02 07:21:00,6.7432,anomaly,variance_increase,6.8,6.2,6.5
2026-01-02 07:22:00,6.486,anomaly,variance_increase,6.8,6.2,6.5
2026-01-02 07:23:00,6.4043,anomaly,variance_increase,6.8,6.2,6.5
2026-01-02 07:24:00,6.0021,anomaly,spike,6.8,6.2,6.5
2026-01-02 07:25:00,6.8595,anomaly,spike,6.8,6.2,6.5
2026-01-02 07:26:00,6.1054,anomaly,spike,6.8,6.2,6.5
2026-01-02 07:27:00,6.8394,anomaly,spike,6.8,6.2,6.5
2026-01-02 07:28:00,6.9004,anomaly,spike,6.8,6.2,6.5
2026-01-02 07:29:00,6.0665,anomaly,spike,6.8,6.2,6.5
2026-01-02 07:30:00,6.0394,anomaly,spike,6.8,6.2,6.5
2026-01-02 07:31:00,6.0479,anomaly,spike,6.8,6.2,6.5
2026-01-02 07:32:00,6.1028,anomaly,spike,6.8,6.2,6.5
2026-01-02 07:33:00,6.1449,anomaly,spike,6.8,6.2,6.5
2026-01-02 07:34:00,6.8451,anomaly,spike,6.8,6.2,6.5
2026-01-02 07:35:00,6.8674,anomaly,spike,6.8,6.2,6.5
2026-01-02 07:36:00,6.8521,anomaly,spike,6.8,6.2,6.5
2026-01-02 07:37:00,6.8719,anomaly,spike,6.8,6.2,6.5
2026-01-02 07:38:00,6.022,anomaly,spike,6.8,6.2,6.5
2026-01-02 07:39:00,6.0948,anomaly,spike,6.8,6.2,6.5
2026-01-02 07:40:00,6.1126,anomaly,spike,6.8,6.2,6.5
2026-01-02 07:41:00,6.0455,anomaly,spike,6.8,6.2,6.5
2026-01-02 07:42:00,6.9618,anomaly,spike,6.8,6.2,6.5
2026-01-02 07:43:00,6.109,anomaly,spike,6.8,6.2,6.5
2026-01-02 07:44:00,6.8754,anomaly,spike,6.8,6.2,6.5
2026-01-02 07:45:00,6.8837,anomaly,spike,6.8,6.2,6.5
2026-01-02 07:46:00,6.8632,anomaly,spike,6.8,6.2,6.5
2026-01-02 07:47:00,6.04,anomaly,spike,6.8,6.2,6.5
2026-01-02 07:48:00,6.1111,anomaly,spike,6.8,6.2,6.5
2026-01-02 07:49:00,6.0821,anomaly,spike,6.8,6.2,6.5
2026-01-02 07:50:00,6.0944,anomaly,spike,6.8,6.2,6.5
2026-01-02 07:51:00,6.8821,anomaly,spike,6.8,6.2,6.5
2026-01-02 07:52:00,6.9961,anomaly,spike,6.8,6.2,6.5
2026-01-02 07:53:00,6.8809,anomaly,spike,6.8,6.2,6.5
2026-01-02 07:54:00,6.9544,anomaly,spike,6.8,6.2,6.5
2026-01-02 07:55:00,6.0968,anomaly,spike,6.8,6.2,6.5
2026-01-02 07:56:00,6.0082,anomaly,spike,6.8,6.2,6.5
2026-01-02 07:57:00,6.1385,anomaly,spike,6.8,6.2,6.5
2026-01-02 07:58:00,6.0226,anomaly,spike,6.8,6.2,6.5
2026-01-02 07:59:00,6.167,anomaly,spike,6.8,6.2,6.5
2026-01-02 08:00:00,6.9501,anomaly,spike,6.8,6.2,6.5
2026-01-02 08:01:00,6.9685,anomaly,spike,6.8,6.2,6.5
2026-01-02 08:02:00,6.9553,anomaly,spike,6.8,6.2,6.5
2026-01-02 08:03:00,6.8625,anomaly,spike,6.8,6.2,6.5
2026-01-02 08:04:00,6.0966,anomaly,spike,6.8,6.2,6.5
2026-01-02 08:05:00,6.1655,anomaly,spike,6.8,6.2,6.5
2026-01-02 08:06:00,6.935,anomaly,spike,6.8,6.2,6.5
2026-01-02 08:07:00,6.1379,anomaly,spike,6.8,6.2,6.5
2026-01-02 08:08:00,6.9932,anomaly,spike,6.8,6.2,6.5
2026-01-02 08:09:00,6.091,anomaly,spike,6.8,6.2,6.5
2026-01-02 08:10:00,6.5016,normal,,6.8,6.2,6.5
2026-01-02 08:11:00,6.4027,normal,,6.8,6.2,6.5
2026-01-02 08:12:00,6.6462,normal,,6.8,6.2,6.5
2026-01-02 08:13:00,6.6476,normal,,6.8,6.2,6.5
2026-01-02 08:14:00,6.3931,normal,,6.8,6.2,6.5
2026-01-02 08:15:00,6.4343,normal,,6.8,6.2,6.5
2026-01-02 08:16:00,6.5789,normal,,6.8,6.2,6.5
2026-01-02 08:17:00,6.5184,normal,,6.8,6.2,6.5
2026-01-02 08:18:00,6.4641,normal,,6.8,6.2,6.5
2026-01-02 08:19:00,6.4071,normal,,6.8,6.2,6.5
2026-01-02 08:20:00,6.497,normal,,6.8,6.2,6.5
2026-01-02 08:21:00,6.5361,normal,,6.8,6.2,6.5
2026-01-02 08:22:00,6.3025,normal,,6.8,6.2,6.5
2026-01-02 08:23:00,6.6015,normal,,6.8,6.2,6.5
2026-01-02 08:24:00,6.3173,normal,,6.8,6.2,6.5
2026-01-02 08:25:00,6.5561,normal,,6.8,6.2,6.5
2026-01-02 08:26:00,6.497,normal,,6.8,6.2,6.5
2026-01-02 08:27:00,6.3897,normal,,6.8,6.2,6.5
2026-01-02 08:28:00,6.4298,normal,,6.8,6.2,6.5
2026-01-02 08:29:00,6.353,normal,,6.8,6.2,6.5
2026-01-02 08:30:00,6.5162,normal,,6.8,6.2,6.5
2026-01-02 08:31:00,6.4864,normal,,6.8,6.2,6.5
2026-01-02 08:32:00,6.3799,normal,,6.8,6.2,6.5
2026-01-02 08:33:00,6.4783,normal,,6.8,6.2,6.5
2026-01-02 08:34:00,6.4439,normal,,6.8,6.2,6.5
2026-01-02 08:35:00,6.4428,normal,,6.8,6.2,6.5
2026-01-02 08:36:00,6.4482,normal,,6.8,6.2,6.5
2026-01-02 08:37:00,6.5824,normal,,6.8,6.2,6.5
2026-01-02 08:38:00,6.5266,normal,,6.8,6.2,6.5
2026-01-02 08:39:00,6.5195,normal,,6.8,6.2,6.5
2026-01-02 08:40:00,6.5475,normal,,6.8,6.2,6.5
2026-01-02 08:41:00,6.5248,normal,,6.8,6.2,6.5
2026-01-02 08:42:00,6.507,normal,,6.8,6.2,6.5
2026-01-02 08:43:00,6.6051,normal,,6.8,6.2,6.5
2026-01-02 08:44:00,6.3856,normal,,6.8,6.2,6.5
2026-01-02 08:45:00,6.4445,normal,,6.8,6.2,6.5
2026-01-02 08:46:00,6.4374,normal,,6.8,6.2,6.5
2026-01-02 08:47:00,6.4662,normal,,6.8,6.2,6.5
2026-01-02 08:48:00,6.679,normal,,6.8,6.2,6.5
2026-01-02 08:49:00,6.4361,normal,,6.8,6.2,6.5
2026-01-02 08:50:00,6.5525,normal,,6.8,6.2,6.5
2026-01-02 08:51:00,6.4305,normal,,6.8,6.2,6.5
2026-01-02 08:52:00,6.4024,normal,,6.8,6.2,6.5
2026-01-02 08:53:00,6.634,normal,,6.8,6.2,6.5
2026-01-02 08:54:00,6.5401,normal,,6.8,6.2,6.5
2026-01-02 08:55:00,6.5686,normal,,6.8,6.2,6.5
2026-01-02 08:56:00,6.4656,normal,,6.8,6.2,6.5
2026-01-02 08:57:00,6.5306,normal,,6.8,6.2,6.5
2026-01-02 08:58:00,6.5593,normal,,6.8,6.2,6.5
2026-01-02 08:59:00,6.4793,normal,,6.8,6.2,6.5
2026-01-02 09:00:00,6.6345,normal,,6.8,6.2,6.5
2026-01-02 09:01:00,6.4182,normal,,6.8,6.2,6.5
2026-01-02 09:02:00,6.5938,normal,,6.8,6.2,6.5
2026-01-02 09:03:00,6.58,normal,,6.8,6.2,6.5
2026-01-02 09:04:00,6.494,normal,,6.8,6.2,6.5
2026-01-02 09:05:00,6.5775,normal,,6.8,6.2,6.5
2026-01-02 09:06:00,6.4803,normal,,6.8,6.2,6.5
2026-01-02 09:07:00,6.6654,normal,,6.8,6.2,6.5
2026-01-02 09:08:00,6.4621,normal,,6.8,6.2,6.5
2026-01-02 09:09:00,6.349,normal,,6.8,6.2,6.5
2026-01-02 09:10:00,6.5792,normal,,6.8,6.2,6.5
2026-01-02 09:11:00,6.5448,normal,,6.8,6.2,6.5
2026-01-02 09:12:00,6.4767,normal,,6.8,6.2,6.5
2026-01-02 09:13:00,6.6339,normal,,6.8,6.2,6.5
2026-01-02 09:14:00,6.4924,normal,,6.8,6.2,6.5
2026-01-02 09:15:00,6.515,normal,,6.8,6.2,6.5
2026-01-02 09:16:00,6.5432,normal,,6.8,6.2,6.5
2026-01-02 09:17:00,6.4538,normal,,6.8,6.2,6.5
2026-01-02 09:18:00,6.4624,normal,,6.8,6.2,6.5
2026-01-02 09:19:00,6.3751,normal,,6.8,6.2,6.5
2026-01-02 09:20:00,6.4909,normal,,6.8,6.2,6.5
2026-01-02 09:21:00,6.4386,normal,,6.8,6.2,6.5
2026-01-02 09:22:00,6.4911,normal,,6.8,6.2,6.5
2026-01-02 09:23:00,6.484,normal,,6.8,6.2,6.5
2026-01-02 09:24:00,6.4917,normal,,6.8,6.2,6.5
2026-01-02 09:25:00,6.5362,normal,,6.8,6.2,6.5
2026-01-02 09:26:00,6.4693,normal,,6.8,6.2,6.5
2026-01-02 09:27:00,6.4747,normal,,6.8,6.2,6.5
2026-01-02 09:28:00,6.398,normal,,6.8,6.2,6.5
2026-01-02 09:29:00,6.429,normal,,6.8,6.2,6.5
2026-01-02 09:30:00,6.455,normal,,6.8,6.2,6.5
2026-01-02 09:31:00,6.5469,normal,,6.8,6.2,6.5
2026-01-02 09:32:00,6.5843,normal,,6.8,6.2,6.5
2026-01-02 09:33:00,6.6031,normal,,6.8,6.2,6.5
2026-01-02 09:34:00,6.6522,normal,,6.8,6.2,6.5
2026-01-02 09:35:00,6.5051,normal,,6.8,6.2,6.5
2026-01-02 09:36:00,6.4274,normal,,6.8,6.2,6.5
2026-01-02 09:37:00,6.4976,normal,,6.8,6.2,6.5
2026-01-02 09:38:00,6.63,normal,,6.8,6.2,6.5
2026-01-02 09:39:00,6.4566,normal,,6.8,6.2,6.5
2026-01-02 09:40:00,6.4044,normal,,6.8,6.2,6.5
2026-01-02 09:41:00,6.5232,normal,,6.8,6.2,6.5
2026-01-02 09:42:00,6.387,normal,,6.8,6.2,6.5
2026-01-02 09:43:00,6.5536,normal,,6.8,6.2,6.5
2026-01-02 09:44:00,6.3446,normal,,6.8,6.2,6.5
2026-01-02 09:45:00,6.6803,normal,,6.8,6.2,6.5
2026-01-02 09:46:00,6.3955,normal,,6.8,6.2,6.5
2026-01-02 09:47:00,6.5683,normal,,6.8,6.2,6.5
2026-01-02 09:48:00,6.3954,normal,,6.8,6.2,6.5
2026-01-02 09:49:00,6.634,normal,,6.8,6.2,6.5
2026-01-02 09:50:00,6.4783,normal,,6.8,6.2,6.5
2026-01-02 09:51:00,6.5231,normal,,6.8,6.2,6.5
2026-01-02 09:52:00,6.5234,normal,,6.8,6.2,6.5
2026-01-02 09:53:00,6.5485,normal,,6.8,6.2,6.5
2026-01-02 09:54:00,6.5056,normal,,6.8,6.2,6.5
2026-01-02 09:55:00,6.336,normal,,6.8,6.2,6.5
2026-01-02 09:56:00,6.5061,normal,,6.8,6.2,6.5
2026-01-02 09:57:00,6.5352,normal,,6.8,6.2,6.5
2026-01-02 09:58:00,6.3465,normal,,6.8,6.2,6.5
2026-01-02 09:59:00,6.5811,normal,,6.8,6.2,6.5
2026-01-02 10:00:00,6.4325,normal,,6.8,6.2,6.5
2026-01-02 10:01:00,6.567,normal,,6.8,6.2,6.5
2026-01-02 10:02:00,6.5204,normal,,6.8,6.2,6.5
2026-01-02 10:03:00,6.3934,normal,,6.8,6.2,6.5
2026-01-02 10:04:00,6.6059,normal,,6.8,6.2,6.5
2026-01-02 10:05:00,6.4909,normal,,6.8,6.2,6.5
2026-01-02 10:06:00,6.6282,normal,,6.8,6.2,6.5
2026-01-02 10:07:00,6.6189,normal,,6.8,6.2,6.5
2026-01-02 10:08:00,6.698,normal,,6.8,6.2,6.5
2026-01-02 10:09:00,6.4509,normal,,6.8,6.2,6.5
2026-01-02 10:10:00,6.5192,normal,,6.8,6.2,6.5
2026-01-02 10:11:00,6.5246,normal,,6.8,6.2,6.5
2026-01-02 10:12:00,6.4269,normal,,6.8,6.2,6.5
2026-01-02 10:13:00,6.4551,normal,,6.8,6.2,6.5
2026-01-02 10:14:00,6.4435,normal,,6.8,6.2,6.5
2026-01-02 10:15:00,6.6174,normal,,6.8,6.2,6.5
2026-01-02 10:16:00,6.5589,normal,,6.8,6.2,6.5
2026-01-02 10:17:00,6.53,normal,,6.8,6.2,6.5
2026-01-02 10:18:00,6.5085,normal,,6.8,6.2,6.5
2026-01-02 10:19:00,6.3934,normal,,6.8,6.2,6.5
2026-01-02 10:20:00,6.4441,normal,,6.8,6.2,6.5
2026-01-02 10:21:00,6.4746,normal,,6.8,6.2,6.5
2026-01-02 10:22:00,6.4221,normal,,6.8,6.2,6.5
2026-01-02 10:23:00,6.5368,normal,,6.8,6.2,6.5
2026-01-02 10:24:00,6.6924,normal,,6.8,6.2,6.5
2026-01-02 10:25:00,6.5482,normal,,6.8,6.2,6.5
2026-01-02 10:26:00,6.4858,normal,,6.8,6.2,6.5
2026-01-02 10:27:00,6.4183,normal,,6.8,6.2,6.5
2026-01-02 10:28:00,6.4323,normal,,6.8,6.2,6.5
2026-01-02 10:29:00,6.3693,normal,,6.8,6.2,6.5
2026-01-02 10:30:00,6.3489,normal,,6.8,6.2,6.5
2026-01-02 10:31:00,6.4372,normal,,6.8,6.2,6.5
2026-01-02 10:32:00,6.5136,normal,,6.8,6.2,6.5
2026-01-02 10:33:00,6.5488,normal,,6.8,6.2,6.5
2026-01-02 10:34:00,6.4873,normal,,6.8,6.2,6.5
2026-01-02 10:35:00,6.515,normal,,6.8,6.2,6.5
2026-01-02 10:36:00,6.5608,normal,,6.8,6.2,6.5
2026-01-02 10:37:00,6.5807,normal,,6.8,6.2,6.5
2026-01-02 10:38:00,6.514,normal,,6.8,6.2,6.5
2026-01-02 10:39:00,6.3937,normal,,6.8,6.2,6.5
2026-01-02 10:40:00,6.5141,normal,,6.8,6.2,6.5
2026-01-02 10:41:00,6.6637,normal,,6.8,6.2,6.5
2026-01-02 10:42:00,6.7,normal,,6.8,6.2,6.5
2026-01-02 10:43:00,6.4515,normal,,6.8,6.2,6.5
2026-01-02 10:44:00,6.5284,normal,,6.8,6.2,6.5
2026-01-02 10:45:00,6.4512,normal,,6.8,6.2,6.5
2026-01-02 10:46:00,6.4318,normal,,6.8,6.2,6.5
2026-01-02 10:47:00,6.4706,normal,,6.8,6.2,6.5
2026-01-02 10:48:00,6.6467,normal,,6.8,6.2,6.5
2026-01-02 10:49:00,6.5032,normal,,6.8,6.2,6.5
2026-01-02 10:50:00,6.4274,normal,,6.8,6.2,6.5
2026-01-02 10:51:00,6.4239,normal,,6.8,6.2,6.5
2026-01-02 10:52:00,6.4395,normal,,6.8,6.2,6.5
2026-01-02 10:53:00,6.5241,normal,,6.8,6.2,6.5
2026-01-02 10:54:00,6.4835,normal,,6.8,6.2,6.5
2026-01-02 10:55:00,6.4099,normal,,6.8,6.2,6.5
2026-01-02 10:56:00,6.4324,normal,,6.8,6.2,6.5
2026-01-02 10:57:00,6.3694,normal,,6.8,6.2,6.5
2026-01-02 10:58:00,6.5018,normal,,6.8,6.2,6.5
2026-01-02 10:59:00,6.5872,normal,,6.8,6.2,6.5
2026-01-02 11:00:00,6.495,normal,,6.8,6.2,6.5
2026-01-02 11:01:00,6.6694,normal,,6.8,6.2,6.5
2026-01-02 11:02:00,6.4856,normal,,6.8,6.2,6.5
2026-01-02 11:03:00,6.3837,normal,,6.8,6.2,6.5
2026-01-02 11:04:00,6.5127,normal,,6.8,6.2,6.5
2026-01-02 11:05:00,6.4841,normal,,6.8,6.2,6.5
2026-01-02 11:06:00,6.3733,normal,,6.8,6.2,6.5
2026-01-02 11:07:00,6.5336,normal,,6.8,6.2,6.5
2026-01-02 11:08:00,6.463,normal,,6.8,6.2,6.5
2026-01-02 11:09:00,6.3206,normal,,6.8,6.2,6.5
2026-01-02 11:10:00,6.4363,normal,,6.8,6.2,6.5
2026-01-02 11:11:00,6.5695,normal,,6.8,6.2,6.5
2026-01-02 11:12:00,6.3842,normal,,6.8,6.2,6.5
2026-01-02 11:13:00,6.522,normal,,6.8,6.2,6.5
2026-01-02 11:14:00,6.4851,normal,,6.8,6.2,6.5
2026-01-02 11:15:00,6.4564,normal,,6.8,6.2,6.5
2026-01-02 11:16:00,6.5919,normal,,6.8,6.2,6.5
2026-01-02 11:17:00,6.3733,normal,,6.8,6.2,6.5
2026-01-02 11:18:00,6.4967,normal,,6.8,6.2,6.5
2026-01-02 11:19:00,6.4331,normal,,6.8,6.2,6.5
2026-01-02 11:20:00,6.5201,normal,,6.8,6.2,6.5
2026-01-02 11:21:00,6.5711,normal,,6.8,6.2,6.5
2026-01-02 11:22:00,6.4452,normal,,6.8,6.2,6.5
2026-01-02 11:23:00,6.4328,normal,,6.8,6.2,6.5
2026-01-02 11:24:00,6.3506,normal,,6.8,6.2,6.5
2026-01-02 11:25:00,6.4342,normal,,6.8,6.2,6.5
2026-01-02 11:26:00,6.3128,normal,,6.8,6.2,6.5
2026-01-02 11:27:00,6.5329,normal,,6.8,6.2,6.5
2026-01-02 11:28:00,6.5856,normal,,6.8,6.2,6.5
2026-01-02 11:29:00,6.4795,normal,,6.8,6.2,6.5
2026-01-02 11:30:00,6.518,normal,,6.8,6.2,6.5
2026-01-02 11:31:00,6.4741,normal,,6.8,6.2,6.5
2026-01-02 11:32:00,6.557,normal,,6.8,6.2,6.5
2026-01-02 11:33:00,6.3778,normal,,6.8,6.2,6.5
2026-01-02 11:34:00,6.5544,normal,,6.8,6.2,6.5
2026-01-02 11:35:00,6.4808,normal,,6.8,6.2,6.5
2026-01-02 11:36:00,6.4111,normal,,6.8,6.2,6.5
2026-01-02 11:37:00,6.565,normal,,6.8,6.2,6.5
2026-01-02 11:38:00,6.5823,normal,,6.8,6.2,6.5
2026-01-02 11:39:00,6.4874,normal,,6.8,6.2,6.5
2026-01-02 11:40:00,6.587,anomaly,sudden_shift,6.8,6.2,6.5
2026-01-02 11:41:00,6.7175,anomaly,sudden_shift,6.8,6.2,6.5
2026-01-02 11:42:00,6.8126,anomaly,sudden_shift,6.8,6.2,6.5
2026-01-02 11:43:00,6.6941,anomaly,sudden_shift,6.8,6.2,6.5
2026-01-02 11:44:00,6.499,anomaly,sudden_shift,6.8,6.2,6.5
2026-01-02 11:45:00,6.7596,anomaly,sudden_shift,6.8,6.2,6.5
2026-01-02 11:46:00,6.7752,anomaly,sudden_shift,6.8,6.2,6.5
2026-01-02 11:47:00,6.6767,anomaly,sudden_shift,6.8,6.2,6.5
2026-01-02 11:48:00,6.7831,anomaly,sudden_shift,6.8,6.2,6.5
2026-01-02 11:49:00,6.7611,anomaly,sudden_shift,6.8,6.2,6.5
2026-01-02 11:50:00,6.8431,anomaly,sudden_shift,6.8,6.2,6.5
2026-01-02 11:51:00,6.6341,anomaly,sudden_shift,6.8,6.2,6.5
2026-01-02 11:52:00,6.8996,anomaly,sudden_shift,6.8,6.2,6.5
2026-01-02 11:53:00,6.7709,anomaly,sudden_shift,6.8,6.2,6.5
2026-01-02 11:54:00,6.7277,anomaly,sudden_shift,6.8,6.2,6.5
2026-01-02 11:55:00,6.6934,anomaly,sudden_shift,6.8,6.2,6.5
2026-01-02 11:56:00,6.7649,anomaly,sudden_shift,6.8,6.2,6.5
2026-01-02 11:57:00,6.692,anomaly,sudden_shift,6.8,6.2,6.5
2026-01-02 11:58:00,6.7393,anomaly,sudden_shift,6.8,6.2,6.5
2026-01-02 11:59:00,6.7293,anomaly,sudden_shift,6.8,6.2,6.5
2026-01-02 12:00:00,6.7517,anomaly,sudden_shift,6.8,6.2,6.5
2026-01-02 12:01:00,6.6302,anomaly,sudden_shift,6.8,6.2,6.5
2026-01-02 12:02:00,6.6573,anomaly,sudden_shift,6.8,6.2,6.5
2026-01-02 12:03:00,6.6959,anomaly,sudden_shift,6.8,6.2,6.5
2026-01-02 12:04:00,6.5538,anomaly,sudden_shift,6.8,6.2,6.5
2026-01-02 12:05:00,6.7597,anomaly,sudden_shift,6.8,6.2,6.5
2026-01-02 12:06:00,6.7488,anomaly,sudden_shift,6.8,6.2,6.5
2026-01-02 12:07:00,6.7259,anomaly,sudden_shift,6.8,6.2,6.5
2026-01-02 12:08:00,6.6891,anomaly,sudden_shift,6.8,6.2,6.5
2026-01-02 12:09:00,6.6311,anomaly,sudden_shift,6.8,6.2,6.5
2026-01-02 12:10:00,6.7311,anomaly,sudden_shift,6.8,6.2,6.5
2026-01-02 12:11:00,6.607,anomaly,sudden_shift,6.8,6.2,6.5
2026-01-02 12:12:00,6.7439,anomaly,sudden_shift,6.8,6.2,6.5
2026-01-02 12:13:00,6.7088,anomaly,sudden_shift,6.8,6.2,6.5
2026-01-02 12:14:00,6.8909,anomaly,sudden_shift,6.8,6.2,6.5
2026-01-02 12:15:00,6.5926,anomaly,sudden_shift,6.8,6.2,6.5
2026-01-02 12:16:00,6.6726,anomaly,sudden_shift,6.8,6.2,6.5
2026-01-02 12:17:00,6.7703,anomaly,sudden_shift,6.8,6.2,6.5
2026-01-02 12:18:00,6.6259,anomaly,sudden_shift,6.8,6.2,6.5
2026-01-02 12:19:00,6.6797,anomaly,sudden_shift,6.8,6.2,6.5
2026-01-02 12:20:00,6.6398,normal,,6.8,6.2,6.5
2026-01-02 12:21:00,6.4944,normal,,6.8,6.2,6.5
2026-01-02 12:22:00,6.5298,normal,,6.8,6.2,6.5
2026-01-02 12:23:00,6.5995,normal,,6.8,6.2,6.5
2026-01-02 12:24:00,6.7077,normal,,6.8,6.2,6.5
2026-01-02 12:25:00,6.521,normal,,6.8,6.2,6.5
2026-01-02 12:26:00,6.4213,normal,,6.8,6.2,6.5
2026-01-02 12:27:00,6.4831,normal,,6.8,6.2,6.5
2026-01-02 12:28:00,6.5203,normal,,6.8,6.2,6.5
2026-01-02 12:29:00,6.5207,normal,,6.8,6.2,6.5
2026-01-02 12:30:00,6.4868,normal,,6.8,6.2,6.5
2026-01-02 12:31:00,6.5897,normal,,6.8,6.2,6.5
2026-01-02 12:32:00,6.4354,normal,,6.8,6.2,6.5
2026-01-02 12:33:00,6.4409,normal,,6.8,6.2,6.5
2026-01-02 12:34:00,6.5168,normal,,6.8,6.2,6.5
2026-01-02 12:35:00,6.5084,normal,,6.8,6.2,6.5
2026-01-02 12:36:00,6.5321,normal,,6.8,6.2,6.5
2026-01-02 12:37:00,6.5591,normal,,6.8,6.2,6.5
2026-01-02 12:38:00,6.6041,normal,,6.8,6.2,6.5
2026-01-02 12:39:00,6.4676,normal,,6.8,6.2,6.5
2026-01-02 12:40:00,6.5715,normal,,6.8,6.2,6.5
2026-01-02 12:41:00,6.3972,normal,,6.8,6.2,6.5
2026-01-02 12:42:00,6.4346,normal,,6.8,6.2,6.5
2026-01-02 12:43:00,6.5188,normal,,6.8,6.2,6.5
2026-01-02 12:44:00,6.687,normal,,6.8,6.2,6.5
2026-01-02 12:45:00,6.5755,normal,,6.8,6.2,6.5
2026-01-02 12:46:00,6.3671,normal,,6.8,6.2,6.5
2026-01-02 12:47:00,6.4792,normal,,6.8,6.2,6.5
2026-01-02 12:48:00,6.4453,normal,,6.8,6.2,6.5
2026-01-02 12:49:00,6.5666,normal,,6.8,6.2,6.5
2026-01-02 12:50:00,6.6014,normal,,6.8,6.2,6.5
2026-01-02 12:51:00,6.6071,normal,,6.8,6.2,6.5
2026-01-02 12:52:00,6.526,normal,,6.8,6.2,6.5
2026-01-02 12:53:00,6.3975,normal,,6.8,6.2,6.5
2026-01-02 12:54:00,6.3552,normal,,6.8,6.2,6.5
2026-01-02 12:55:00,6.4338,normal,,6.8,6.2,6.5
2026-01-02 12:56:00,6.4653,normal,,6.8,6.2,6.5
2026-01-02 12:57:00,6.3019,normal,,6.8,6.2,6.5
2026-01-02 12:58:00,6.4054,normal,,6.8,6.2,6.5
2026-01-02 12:59:00,6.4692,normal,,6.8,6.2,6.5
2026-01-02 13:00:00,6.4559,normal,,6.8,6.2,6.5
2026-01-02 13:01:00,6.5013,normal,,6.8,6.2,6.5
2026-01-02 13:02:00,6.6414,normal,,6.8,6.2,6.5
2026-01-02 13:03:00,6.4388,normal,,6.8,6.2,6.5
2026-01-02 13:04:00,6.5263,normal,,6.8,6.2,6.5
2026-01-02 13:05:00,6.4179,normal,,6.8,6.2,6.5
2026-01-02 13:06:00,6.5063,normal,,6.8,6.2,6.5
2026-01-02 13:07:00,6.3913,normal,,6.8,6.2,6.5
2026-01-02 13:08:00,6.4195,normal,,6.8,6.2,6.5
2026-01-02 13:09:00,6.5069,normal,,6.8,6.2,6.5
2026-01-02 13:10:00,6.484,normal,,6.8,6.2,6.5
2026-01-02 13:11:00,6.3316,normal,,6.8,6.2,6.5
2026-01-02 13:12:00,6.6162,normal,,6.8,6.2,6.5
2026-01-02 13:13:00,6.5278,normal,,6.8,6.2,6.5
2026-01-02 13:14:00,6.5777,normal,,6.8,6.2,6.5
2026-01-02 13:15:00,6.5227,normal,,6.8,6.2,6.5
2026-01-02 13:16:00,6.3421,normal,,6.8,6.2,6.5
2026-01-02 13:17:00,6.5291,normal,,6.8,6.2,6.5
2026-01-02 13:18:00,6.4794,normal,,6.8,6.2,6.5
2026-01-02 13:19:00,6.5185,normal,,6.8,6.2,6.5
2026-01-02 13:20:00,6.5262,normal,,6.8,6.2,6.5
2026-01-02 13:21:00,6.5632,normal,,6.8,6.2,6.5
2026-01-02 13:22:00,6.5807,normal,,6.8,6.2,6.5
2026-01-02 13:23:00,6.4916,normal,,6.8,6.2,6.5
2026-01-02 13:24:00,6.4442,normal,,6.8,6.2,6.5
2026-01-02 13:25:00,6.3614,normal,,6.8,6.2,6.5
2026-01-02 13:26:00,6.5014,normal,,6.8,6.2,6.5
2026-01-02 13:27:00,6.3398,normal,,6.8,6.2,6.5
2026-01-02 13:28:00,6.5963,normal,,6.8,6.2,6.5
2026-01-02 13:29:00,6.4189,normal,,6.8,6.2,6.5
2026-01-02 13:30:00,6.446,normal,,6.8,6.2,6.5
2026-01-02 13:31:00,6.4078,normal,,6.8,6.2,6.5
2026-01-02 13:32:00,6.5147,normal,,6.8,6.2,6.5
2026-01-02 13:33:00,6.5475,normal,,6.8,6.2,6.5
2026-01-02 13:34:00,6.4406,normal,,6.8,6.2,6.5
2026-01-02 13:35:00,6.4774,normal,,6.8,6.2,6.5
2026-01-02 13:36:00,6.5144,normal,,6.8,6.2,6.5
2026-01-02 13:37:00,6.4373,normal,,6.8,6.2,6.5
2026-01-02 13:38:00,6.3114,normal,,6.8,6.2,6.5
2026-01-02 13:39:00,6.5868,normal,,6.8,6.2,6.5
2026-01-02 13:40:00,6.3883,normal,,6.8,6.2,6.5
2026-01-02 13:41:00,6.4541,normal,,6.8,6.2,6.5
2026-01-02 13:42:00,6.5741,normal,,6.8,6.2,6.5
2026-01-02 13:43:00,6.5428,normal,,6.8,6.2,6.5
2026-01-02 13:44:00,6.4623,normal,,6.8,6.2,6.5
2026-01-02 13:45:00,6.5655,normal,,6.8,6.2,6.5
2026-01-02 13:46:00,6.5411,normal,,6.8,6.2,6.5
2026-01-02 13:47:00,6.4965,normal,,6.8,6.2,6.5
2026-01-02 13:48:00,6.5005,normal,,6.8,6.2,6.5
2026-01-02 13:49:00,6.4519,normal,,6.8,6.2,6.5
2026-01-02 13:50:00,6.5975,normal,,6.8,6.2,6.5
2026-01-02 13:51:00,6.3317,normal,,6.8,6.2,6.5
2026-01-02 13:52:00,6.5205,normal,,6.8,6.2,6.5
2026-01-02 13:53:00,6.4773,normal,,6.8,6.2,6.5
2026-01-02 13:54:00,6.476,normal,,6.8,6.2,6.5
2026-01-02 13:55:00,6.5059,normal,,6.8,6.2,6.5
2026-01-02 13:56:00,6.604,normal,,6.8,6.2,6.5
2026-01-02 13:57:00,6.497,normal,,6.8,6.2,6.5
2026-01-02 13:58:00,6.3577,normal,,6.8,6.2,6.5
2026-01-02 13:59:00,6.6027,normal,,6.8,6.2,6.5
2026-01-02 14:00:00,6.4849,normal,,6.8,6.2,6.5
2026-01-02 14:01:00,6.5388,normal,,6.8,6.2,6.5
2026-01-02 14:02:00,6.488,normal,,6.8,6.2,6.5
2026-01-02 14:03:00,6.399,normal,,6.8,6.2,6.5
2026-01-02 14:04:00,6.5768,normal,,6.8,6.2,6.5
2026-01-02 14:05:00,6.4454,normal,,6.8,6.2,6.5
2026-01-02 14:06:00,6.641,normal,,6.8,6.2,6.5
2026-01-02 14:07:00,6.3475,normal,,6.8,6.2,6.5
2026-01-02 14:08:00,6.497,normal,,6.8,6.2,6.5
2026-01-02 14:09:00,6.5699,normal,,6.8,6.2,6.5
2026-01-02 14:10:00,6.6645,normal,,6.8,6.2,6.5
2026-01-02 14:11:00,6.3685,normal,,6.8,6.2,6.5
2026-01-02 14:12:00,6.449,normal,,6.8,6.2,6.5
2026-01-02 14:13:00,6.4167,normal,,6.8,6.2,6.5
2026-01-02 14:14:00,6.5316,normal,,6.8,6.2,6.5
2026-01-02 14:15:00,6.5923,normal,,6.8,6.2,6.5
2026-01-02 14:16:00,6.56,normal,,6.8,6.2,6.5
2026-01-02 14:17:00,6.5762,normal,,6.8,6.2,6.5
2026-01-02 14:18:00,6.4194,normal,,6.8,6.2,6.5
2026-01-02 14:19:00,6.5424,normal,,6.8,6.2,6.5
2026-01-02 14:20:00,6.4948,normal,,6.8,6.2,6.5
2026-01-02 14:21:00,6.5113,normal,,6.8,6.2,6.5
2026-01-02 14:22:00,6.511,normal,,6.8,6.2,6.5
2026-01-02 14:23:00,6.5112,normal,,6.8,6.2,6.5
2026-01-02 14:24:00,6.5043,normal,,6.8,6.2,6.5
2026-01-02 14:25:00,6.5246,normal,,6.8,6.2,6.5
2026-01-02 14:26:00,6.6253,normal,,6.8,6.2,6.5
2026-01-02 14:27:00,6.5929,normal,,6.8,6.2,6.5
2026-01-02 14:28:00,6.5696,normal,,6.8,6.2,6.5
2026-01-02 14:29:00,6.5114,normal,,6.8,6.2,6.5
2026-01-02 14:30:00,6.4236,normal,,6.8,6.2,6.5
2026-01-02 14:31:00,6.5273,normal,,6.8,6.2,6.5
2026-01-02 14:32:00,6.5032,normal,,6.8,6.2,6.5
2026-01-02 14:33:00,6.6135,normal,,6.8,6.2,6.5
2026-01-02 14:34:00,6.4843,normal,,6.8,6.2,6.5
2026-01-02 14:35:00,6.5865,normal,,6.8,6.2,6.5
2026-01-02 14:36:00,6.5538,normal,,6.8,6.2,6.5
2026-01-02 14:37:00,6.6065,normal,,6.8,6.2,6.5
2026-01-02 14:38:00,6.5291,normal,,6.8,6.2,6.5
2026-01-02 14:39:00,6.5432,normal,,6.8,6.2,6.5
2026-01-02 14:40:00,6.5762,normal,,6.8,6.2,6.5
2026-01-02 14:41:00,6.4757,normal,,6.8,6.2,6.5
2026-01-02 14:42:00,6.4175,normal,,6.8,6.2,6.5
2026-01-02 14:43:00,6.4927,normal,,6.8,6.2,6.5
2026-01-02 14:44:00,6.4184,normal,,6.8,6.2,6.5
2026-01-02 14:45:00,6.5164,normal,,6.8,6.2,6.5
2026-01-02 14:46:00,6.5064,normal,,6.8,6.2,6.5
2026-01-02 14:47:00,6.5111,normal,,6.8,6.2,6.5
2026-01-02 14:48:00,6.5193,normal,,6.8,6.2,6.5
2026-01-02 14:49:00,6.553,normal,,6.8,6.2,6.5
2026-01-02 14:50:00,6.5619,normal,,6.8,6.2,6.5
2026-01-02 14:51:00,6.5012,normal,,6.8,6.2,6.5
2026-01-02 14:52:00,6.6442,normal,,6.8,6.2,6.5
2026-01-02 14:53:00,6.4927,normal,,6.8,6.2,6.5
2026-01-02 14:54:00,6.5739,normal,,6.8,6.2,6.5
2026-01-02 14:55:00,6.462,normal,,6.8,6.2,6.5
2026-01-02 14:56:00,6.4454,normal,,6.8,6.2,6.5
2026-01-02 14:57:00,6.6124,normal,,6.8,6.2,6.5
2026-01-02 14:58:00,6.4145,normal,,6.8,6.2,6.5
2026-01-02 14:59:00,6.5148,normal,,6.8,6.2,6.5
2026-01-02 15:00:00,6.5429,normal,,6.8,6.2,6.5
2026-01-02 15:01:00,6.3944,normal,,6.8,6.2,6.5
2026-01-02 15:02:00,6.6165,normal,,6.8,6.2,6.5
2026-01-02 15:03:00,6.4651,normal,,6.8,6.2,6.5
2026-01-02 15:04:00,6.5189,normal,,6.8,6.2,6.5
2026-01-02 15:05:00,6.5186,normal,,6.8,6.2,6.5
2026-01-02 15:06:00,6.6198,normal,,6.8,6.2,6.5
2026-01-02 15:07:00,6.5343,normal,,6.8,6.2,6.5
2026-01-02 15:08:00,6.4064,normal,,6.8,6.2,6.5
2026-01-02 15:09:00,6.5022,normal,,6.8,6.2,6.5
2026-01-02 15:10:00,6.382,normal,,6.8,6.2,6.5
2026-01-02 15:11:00,6.3617,normal,,6.8,6.2,6.5
2026-01-02 15:12:00,6.455,normal,,6.8,6.2,6.5
2026-01-02 15:13:00,6.394,normal,,6.8,6.2,6.5
2026-01-02 15:14:00,6.787,normal,,6.8,6.2,6.5
2026-01-02 15:15:00,6.4325,normal,,6.8,6.2,6.5
2026-01-02 15:16:00,6.5569,normal,,6.8,6.2,6.5
2026-01-02 15:17:00,6.4425,normal,,6.8,6.2,6.5
2026-01-02 15:18:00,6.3878,normal,,6.8,6.2,6.5
2026-01-02 15:19:00,6.5777,normal,,6.8,6.2,6.5
2026-01-02 15:20:00,6.4939,normal,,6.8,6.2,6.5
2026-01-02 15:21:00,6.4717,normal,,6.8,6.2,6.5
2026-01-02 15:22:00,6.5676,normal,,6.8,6.2,6.5
2026-01-02 15:23:00,6.2935,normal,,6.8,6.2,6.5
2026-01-02 15:24:00,6.6128,normal,,6.8,6.2,6.5
2026-01-02 15:25:00,6.513,normal,,6.8,6.2,6.5
2026-01-02 15:26:00,6.5394,normal,,6.8,6.2,6.5
2026-01-02 15:27:00,6.343,normal,,6.8,6.2,6.5
2026-01-02 15:28:00,6.6068,normal,,6.8,6.2,6.5
2026-01-02 15:29:00,6.4586,normal,,6.8,6.2,6.5
2026-01-02 15:30:00,6.3948,normal,,6.8,6.2,6.5
2026-01-02 15:31:00,6.5616,normal,,6.8,6.2,6.5
2026-01-02 15:32:00,6.538,normal,,6.8,6.2,6.5
2026-01-02 15:33:00,6.6701,normal,,6.8,6.2,6.5
2026-01-02 15:34:00,6.596,normal,,6.8,6.2,6.5
2026-01-02 15:35:00,6.4892,normal,,6.8,6.2,6.5
2026-01-02 15:36:00,6.5453,normal,,6.8,6.2,6.5
2026-01-02 15:37:00,6.5868,normal,,6.8,6.2,6.5
2026-01-02 15:38:00,6.483,normal,,6.8,6.2,6.5
2026-01-02 15:39:00,6.4688,normal,,6.8,6.2,6.5
2026-01-02 15:40:00,6.5919,normal,,6.8,6.2,6.5
2026-01-02 15:41:00,6.4351,normal,,6.8,6.2,6.5
2026-01-02 15:42:00,6.5022,normal,,6.8,6.2,6.5
2026-01-02 15:43:00,6.635,normal,,6.8,6.2,6.5
2026-01-02 15:44:00,6.5436,normal,,6.8,6.2,6.5
2026-01-02 15:45:00,6.6046,normal,,6.8,6.2,6.5
2026-01-02 15:46:00,6.6108,normal,,6.8,6.2,6.5
2026-01-02 15:47:00,6.4593,normal,,6.8,6.2,6.5
2026-01-02 15:48:00,6.3786,normal,,6.8,6.2,6.5
2026-01-02 15:49:00,6.4757,normal,,6.8,6.2,6.5
2026-01-02 15:50:00,6.6576,normal,,6.8,6.2,6.5
2026-01-02 15:51:00,6.3323,normal,,6.8,6.2,6.5
2026-01-02 15:52:00,6.429,normal,,6.8,6.2,6.5
2026-01-02 15:53:00,6.4077,normal,,6.8,6.2,6.5
2026-01-02 15:54:00,6.3398,normal,,6.8,6.2,6.5
2026-01-02 15:55:00,6.5133,normal,,6.8,6.2,6.5
2026-01-02 15:56:00,6.5723,normal,,6.8,6.2,6.5
2026-01-02 15:57:00,6.5705,normal,,6.8,6.2,6.5
2026-01-02 15:58:00,6.5897,normal,,6.8,6.2,6.5
2026-01-02 15:59:00,6.4351,normal,,6.8,6.2,6.5
2026-01-02 16:00:00,6.5203,normal,,6.8,6.2,6.5
2026-01-02 16:01:00,6.6968,normal,,6.8,6.2,6.5
2026-01-02 16:02:00,6.4939,normal,,6.8,6.2,6.5
2026-01-02 16:03:00,6.4154,normal,,6.8,6.2,6.5
2026-01-02 16:04:00,6.7362,normal,,6.8,6.2,6.5
2026-01-02 16:05:00,6.5945,normal,,6.8,6.2,6.5
2026-01-02 16:06:00,6.4531,normal,,6.8,6.2,6.5
2026-01-02 16:07:00,6.5719,normal,,6.8,6.2,6.5
2026-01-02 16:08:00,6.5482,normal,,6.8,6.2,6.5
2026-01-02 16:09:00,6.4194,normal,,6.8,6.2,6.5
2026-01-02 16:10:00,6.3364,normal,,6.8,6.2,6.5
2026-01-02 16:11:00,6.4676,normal,,6.8,6.2,6.5
2026-01-02 16:12:00,6.465,normal,,6.8,6.2,6.5
2026-01-02 16:13:00,6.5173,normal,,6.8,6.2,6.5
2026-01-02 16:14:00,6.4851,normal,,6.8,6.2,6.5
2026-01-02 16:15:00,6.3047,normal,,6.8,6.2,6.5
2026-01-02 16:16:00,6.347,normal,,6.8,6.2,6.5
2026-01-02 16:17:00,6.3792,normal,,6.8,6.2,6.5
2026-01-02 16:18:00,6.4734,normal,,6.8,6.2,6.5
2026-01-02 16:19:00,6.4957,normal,,6.8,6.2,6.5
2026-01-02 16:20:00,6.521,normal,,6.8,6.2,6.5
2026-01-02 16:21:00,6.3954,normal,,6.8,6.2,6.5
2026-01-02 16:22:00,6.5465,normal,,6.8,6.2,6.5
2026-01-02 16:23:00,6.4828,normal,,6.8,6.2,6.5
2026-01-02 16:24:00,6.4893,normal,,6.8,6.2,6.5
2026-01-02 16:25:00,6.6903,normal,,6.8,6.2,6.5
2026-01-02 16:26:00,6.4982,normal,,6.8,6.2,6.5
2026-01-02 16:27:00,6.4668,normal,,6.8,6.2,6.5
2026-01-02 16:28:00,6.4613,normal,,6.8,6.2,6.5
2026-01-02 16:29:00,6.5089,normal,,6.8,6.2,6.5
2026-01-02 16:30:00,6.4922,normal,,6.8,6.2,6.5
2026-01-02 16:31:00,6.5085,normal,,6.8,6.2,6.5
2026-01-02 16:32:00,6.4632,normal,,6.8,6.2,6.5
2026-01-02 16:33:00,6.4969,normal,,6.8,6.2,6.5
2026-01-02 16:34:00,6.4138,normal,,6.8,6.2,6.5
2026-01-02 16:35:00,6.3074,normal,,6.8,6.2,6.5
2026-01-02 16:36:00,6.4835,normal,,6.8,6.2,6.5
2026-01-02 16:37:00,6.5651,normal,,6.8,6.2,6.5
2026-01-02 16:38:00,6.4873,normal,,6.8,6.2,6.5
2026-01-02 16:39:00,6.6809,normal,,6.8,6.2,6.5
2026-01-02 16:40:00,6.4682,normal,,6.8,6.2,6.5
2026-01-02 16:41:00,6.5014,normal,,6.8,6.2,6.5
2026-01-02 16:42:00,6.4493,normal,,6.8,6.2,6.5
2026-01-02 16:43:00,6.4832,normal,,6.8,6.2,6.5
2026-01-02 16:44:00,6.4553,normal,,6.8,6.2,6.5
2026-01-02 16:45:00,6.5998,normal,,6.8,6.2,6.5
2026-01-02 16:46:00,6.6141,normal,,6.8,6.2,6.5
2026-01-02 16:47:00,6.4094,normal,,6.8,6.2,6.5
2026-01-02 16:48:00,6.5498,normal,,6.8,6.2,6.5
2026-01-02 16:49:00,6.3559,normal,,6.8,6.2,6.5
2026-01-02 16:50:00,6.3685,normal,,6.8,6.2,6.5
2026-01-02 16:51:00,6.6368,normal,,6.8,6.2,6.5
2026-01-02 16:52:00,6.5097,normal,,6.8,6.2,6.5
2026-01-02 16:53:00,6.7195,normal,,6.8,6.2,6.5
2026-01-02 16:54:00,6.4627,normal,,6.8,6.2,6.5
2026-01-02 16:55:00,6.5788,normal,,6.8,6.2,6.5
2026-01-02 16:56:00,6.4161,normal,,6.8,6.2,6.5
2026-01-02 16:57:00,6.5032,normal,,6.8,6.2,6.5
2026-01-02 16:58:00,6.4776,normal,,6.8,6.2,6.5
2026-01-02 16:59:00,6.6161,normal,,6.8,6.2,6.5
2026-01-02 17:00:00,6.3576,normal,,6.8,6.2,6.5
2026-01-02 17:01:00,6.5434,normal,,6.8,6.2,6.5
2026-01-02 17:02:00,6.4165,normal,,6.8,6.2,6.5
2026-01-02 17:03:00,6.3342,normal,,6.8,6.2,6.5
2026-01-02 17:04:00,6.454,normal,,6.8,6.2,6.5
2026-01-02 17:05:00,6.4957,normal,,6.8,6.2,6.5
2026-01-02 17:06:00,6.447,normal,,6.8,6.2,6.5
2026-01-02 17:07:00,6.4578,normal,,6.8,6.2,6.5
2026-01-02 17:08:00,6.5897,normal,,6.8,6.2,6.5
2026-01-02 17:09:00,6.6348,normal,,6.8,6.2,6.5
2026-01-02 17:10:00,6.3982,normal,,6.8,6.2,6.5
2026-01-02 17:11:00,6.6493,normal,,6.8,6.2,6.5
2026-01-02 17:12:00,6.5051,normal,,6.8,6.2,6.5
2026-01-02 17:13:00,6.51,normal,,6.8,6.2,6.5
2026-01-02 17:14:00,6.572,normal,,6.8,6.2,6.5
2026-01-02 17:15:00,6.5011,normal,,6.8,6.2,6.5
2026-01-02 17:16:00,6.4521,normal,,6.8,6.2,6.5
2026-01-02 17:17:00,6.4827,normal,,6.8,6.2,6.5
2026-01-02 17:18:00,6.4356,normal,,6.8,6.2,6.5
2026-01-02 17:19:00,6.6551,normal,,6.8,6.2,6.5
